trade_date,ts_code,pe_ttm,pb,_td
20210506,002091.SZ,10.6703,1.1133,20210506
20210507,002091.SZ,10.7182,1.1183,20210507
20210510,002091.SZ,10.6863,1.115,20210510
20210511,002091.SZ,10.6384,1.11,20210511
20210512,002091.SZ,10.6863,1.115,20210512
20210513,002091.SZ,10.5906,1.105,20210513
20210514,002091.SZ,10.8139,1.1283,20210514
20210517,002091.SZ,10.8617,1.1333,20210517
20210518,002091.SZ,11.0212,1.1499,20210518
20210519,002091.SZ,11.101,1.1582,20210519
20210520,002091.SZ,11.3562,1.1849,20210520
20210521,002091.SZ,11.2764,1.1765,20210521
20210524,002091.SZ,11.2924,1.1782,20210524
20210525,002091.SZ,11.2445,1.1732,20210525
20210526,002091.SZ,11.1967,1.1682,20210526
20210527,002091.SZ,10.9255,1.1894,20210527
20210528,002091.SZ,11.1807,1.2172,20210528
20210531,002091.SZ,12.2972,1.3387,20210531
20210601,002091.SZ,12.6162,1.3735,20210601
20210602,002091.SZ,12.7757,1.3908,20210602
20210603,002091.SZ,13.4775,1.4672,20210603
20210604,002091.SZ,14.8332,1.6148,20210604
20210607,002091.SZ,15.1841,1.653,20210607
20210608,002091.SZ,15.0724,1.6409,20210608
20210609,002091.SZ,14.2431,1.5506,20210609
20210610,002091.SZ,14.0836,1.5332,20210610
20210611,002091.SZ,13.4775,1.4672,20210611
20210615,002091.SZ,13.7486,1.4967,20210615
20210616,002091.SZ,13.0628,1.4221,20210616
20210617,002091.SZ,12.9671,1.4117,20210617
20210618,002091.SZ,13.318,1.4499,20210618
20210621,002091.SZ,13.3818,1.4568,20210621
20210622,002091.SZ,13.1744,1.4342,20210622
20210623,002091.SZ,13.7008,1.4915,20210623
20210624,002091.SZ,13.2063,1.4377,20210624
20210625,002091.SZ,13.1106,1.4273,20210625
20210628,002091.SZ,13.4775,1.4672,20210628
20210629,002091.SZ,13.4934,1.469,20210629
20210630,002091.SZ,14.5142,1.5801,20210630
20210701,002091.SZ,14.1793,1.5436,20210701
20210702,002091.SZ,14.2431,1.5506,20210702
20210705,002091.SZ,14.6896,1.5992,20210705
20210706,002091.SZ,15.6785,1.7068,20210706
20210707,002091.SZ,15.4552,1.6825,20210707
20210708,002091.SZ,16.5239,1.7989,20210708
20210709,002091.SZ,18.1826,1.9794,20210709
20210712,002091.SZ,20.0009,2.1774,20210712
20210713,002091.SZ,21.1812,2.3059,20210713
20210714,002091.SZ,20.8143,2.2659,20210714
20210715,002091.SZ,22.8878,2.4917,20210715
20210716,002091.SZ,22.17,2.4135,20210716
20210719,002091.SZ,21.8829,2.3823,20210719
20210720,002091.SZ,22.808,2.483,20210720
20210721,002091.SZ,24.403,2.6566,20210721
20210722,002091.SZ,24.2435,2.6393,20210722
20210723,002091.SZ,22.3455,2.4326,20210723
20210726,002091.SZ,22.5528,2.4552,20210726
20210727,002091.SZ,20.3039,2.2104,20210727
20210728,002091.SZ,18.9801,2.0663,20210728
20210729,002091.SZ,19.953,2.1722,20210729
20210730,002091.SZ,19.1556,2.0854,20210730
20210802,002091.SZ,19.7457,2.1496,20210802
20210803,002091.SZ,19.012,2.0697,20210803
20210804,002091.SZ,20.0966,2.1878,20210804
20210805,002091.SZ,20.2561,2.2052,20210805
20210806,002091.SZ,22.2817,2.4257,20210806
20210809,002091.SZ,22.4412,2.4431,20210809
20210810,002091.SZ,21.1333,2.3007,20210810
20210811,002091.SZ,21.1333,2.3007,20210811
20210812,002091.SZ,20.9419,2.2798,20210812
20210813,002091.SZ,21.2131,2.3094,20210813
20210816,002091.SZ,19.2991,2.101,20210816
20210817,002091.SZ,18.6611,2.0315,20210817
20210818,002091.SZ,18.7728,2.0437,20210818
20210819,002091.SZ,19.3629,2.1079,20210819
20210820,002091.SZ,19.5383,2.127,20210820
20210823,002091.SZ,20.9898,2.285,20210823
20210824,002091.SZ,22.0424,2.3996,20210824
20210825,002091.SZ,20.5565,2.2759,20210825
20210826,002091.SZ,20.4186,2.2607,20210826
20210827,002091.SZ,21.6909,2.4015,20210827
20210830,002091.SZ,22.4114,2.4813,20210830
20210831,002091.SZ,22.442,2.4847,20210831
20210901,002091.SZ,20.4492,2.2641,20210901
20210902,002091.SZ,20.4646,2.2657,20210902
20210903,002091.SZ,19.5908,2.169,20210903
20210906,002091.SZ,19.4682,2.1554,20210906
20210907,002091.SZ,21.415,2.371,20210907
20210908,002091.SZ,22.9173,2.5373,20210908
20210909,002091.SZ,22.4727,2.4881,20210909
20210910,002091.SZ,23.0552,2.5526,20210910
20210913,002091.SZ,22.9939,2.5458,20210913
20210914,002091.SZ,23.6531,2.6188,20210914
20210915,002091.SZ,26.0138,2.8801,20210915
20210916,002091.SZ,23.4078,2.5916,20210916
20210917,002091.SZ,23.699,2.6239,20210917
20210922,002091.SZ,22.8406,2.5288,20210922
20210923,002091.SZ,22.2274,2.4609,20210923
20210924,002091.SZ,21.7676,2.41,20210924
20210927,002091.SZ,20.4186,2.2607,20210927
20210928,002091.SZ,19.9894,2.2131,20210928
20210929,002091.SZ,18.7477,2.0757,20210929
20210930,002091.SZ,19.5755,2.1673,20210930
20211008,002091.SZ,19.0696,2.1113,20211008
20211011,002091.SZ,18.9163,2.0943,20211011
20211012,002091.SZ,18.1345,2.0078,20211012
20211013,002091.SZ,18.3338,2.0298,20211013
20211014,002091.SZ,18.5484,2.0536,20211014
20211015,002091.SZ,18.5791,2.057,20211015
20211018,002091.SZ,19.1309,2.1181,20211018
20211019,002091.SZ,18.901,2.0926,20211019
20211020,002091.SZ,19.4682,2.1554,20211020
20211021,002091.SZ,19.3302,2.1402,20211021
20211022,002091.SZ,18.2878,2.0247,20211022
20211025,002091.SZ,19.1922,2.1249,20211025
20211026,002091.SZ,19.0849,2.113,20211026
20211027,002091.SZ,19.7441,2.186,20211027
20211028,002091.SZ,18.3491,2.0315,20211028
20211029,002091.SZ,18.0785,2.1512,20211029
20211101,002091.SZ,18.7374,2.2296,20211101
20211102,002091.SZ,18.0373,2.1463,20211102
20211103,002091.SZ,17.3647,2.0662,20211103
20211104,002091.SZ,17.351,2.0646,20211104
20211105,002091.SZ,16.7058,1.9878,20211105
20211108,002091.SZ,17.3647,2.0662,20211108
20211109,002091.SZ,17.4471,2.076,20211109
20211110,002091.SZ,16.8156,2.0009,20211110
20211111,002091.SZ,16.6509,1.9813,20211111
20211112,002091.SZ,16.4999,1.9633,20211112
20211115,002091.SZ,15.5253,1.8474,20211115
20211116,002091.SZ,15.2919,1.8196,20211116
20211117,002091.SZ,15.6076,1.8572,20211117
20211118,002091.SZ,15.7861,1.8784,20211118
20211119,002091.SZ,15.9645,1.8996,20211119
20211122,002091.SZ,16.898,2.0107,20211122
20211123,002091.SZ,17.0215,2.0254,20211123
20211124,002091.SZ,17.9824,2.1397,20211124
20211125,002091.SZ,18.4217,2.192,20211125
20211126,002091.SZ,17.7216,2.1087,20211126
20211129,002091.SZ,17.7353,2.1103,20211129
20211130,002091.SZ,17.9275,2.1332,20211130
20211201,002091.SZ,17.8451,2.1234,20211201
20211202,002091.SZ,17.5294,2.0858,20211202
20211203,002091.SZ,17.5569,2.0891,20211203
20211206,002091.SZ,16.8156,2.0009,20211206
20211207,002091.SZ,16.1704,1.9241,20211207
20211208,002091.SZ,16.7195,1.9895,20211208
20211209,002091.SZ,16.4724,1.9601,20211209
20211210,002091.SZ,16.5548,1.9699,20211210
20211213,002091.SZ,16.596,1.9748,20211213
20211214,002091.SZ,17.6118,2.0956,20211214
20211215,002091.SZ,17.6118,2.0956,20211215
20211216,002091.SZ,17.4745,2.0793,20211216
20211217,002091.SZ,16.898,2.0107,20211217
20211220,002091.SZ,16.3352,1.9437,20211220
20211221,002091.SZ,16.7195,1.9895,20211221
20211222,002091.SZ,17.8589,2.125,20211222
20211223,002091.SZ,18.7511,2.2312,20211223
20211224,002091.SZ,18.2295,2.1691,20211224
20211227,002091.SZ,17.4745,2.0793,20211227
20211228,002091.SZ,19.2178,2.2867,20211228
20211229,002091.SZ,19.2316,2.2884,20211229
20211230,002091.SZ,19.5061,2.321,20211230
20211231,002091.SZ,18.8472,2.2426,20211231
20220104,002091.SZ,19.1492,2.2786,20220104
20220105,002091.SZ,18.9296,2.2524,20220105
20220106,002091.SZ,19.7669,2.3521,20220106
20220107,002091.SZ,19.0257,2.2639,20220107
20220110,002091.SZ,18.8472,2.2426,20220110
20220111,002091.SZ,18.0099,2.143,20220111
20220112,002091.SZ,18.3393,2.1822,20220112
20220113,002091.SZ,17.8314,2.1218,20220113
20220114,002091.SZ,17.9412,2.1348,20220114
20220117,002091.SZ,17.9275,2.1332,20220117
20220118,002091.SZ,17.7079,2.1071,20220118
20220119,002091.SZ,16.8293,2.0025,20220119
20220120,002091.SZ,16.4862,1.9617,20220120
20220121,002091.SZ,16.3214,1.9421,20220121
20220124,002091.SZ,16.6234,1.978,20220124
20220125,002091.SZ,15.841,1.8849,20220125
20220126,002091.SZ,16.2116,1.929,20220126
20220127,002091.SZ,15.6076,1.8572,20220127
20220128,002091.SZ,15.539,1.849,20220128
20220207,002091.SZ,15.69,1.867,20220207
20220208,002091.SZ,15.6351,1.8604,20220208
20220209,002091.SZ,15.9096,1.8931,20220209
20220210,002091.SZ,15.7861,1.8784,20220210
20220211,002091.SZ,15.4429,1.8376,20220211
20220214,002091.SZ,15.5802,1.8539,20220214
20220215,002091.SZ,15.9783,1.9013,20220215
20220216,002091.SZ,15.9371,1.8964,20220216
20220217,002091.SZ,16.0606,1.9111,20220217
20220218,002091.SZ,15.9783,1.9013,20220218
20220221,002091.SZ,16.0332,1.9078,20220221
20220222,002091.SZ,16.3214,1.9421,20220222
20220223,002091.SZ,16.9803,2.0205,20220223
20220224,002091.SZ,16.3352,1.9437,20220224
20220225,002091.SZ,16.445,1.9568,20220225
20220228,002091.SZ,16.4038,1.9519,20220228
20220301,002091.SZ,15.8135,1.8817,20220301
20220302,002091.SZ,15.9096,1.8931,20220302
20220303,002091.SZ,15.6488,1.8621,20220303
20220304,002091.SZ,15.3056,1.8212,20220304
20220307,002091.SZ,14.3931,1.7123,20220307
20220308,002091.SZ,13.4749,1.6031,20220308
20220309,002091.SZ,13.2809,1.58,20220309
20220310,002091.SZ,14.0956,1.6769,20220310
20220311,002091.SZ,14.0956,1.6769,20220311
20220314,002091.SZ,13.643,1.6231,20220314
20220315,002091.SZ,12.893,1.5339,20220315
20220316,002091.SZ,13.4232,1.5969,20220316
20220317,002091.SZ,13.6042,1.6185,20220317
20220318,002091.SZ,13.6172,1.62,20220318
20220321,002091.SZ,13.9793,1.6631,20220321
20220322,002091.SZ,13.8499,1.6477,20220322
20220323,002091.SZ,13.7724,1.6385,20220323
20220324,002091.SZ,13.643,1.6231,20220324
20220325,002091.SZ,13.2551,1.5769,20220325
20220328,002091.SZ,12.9318,1.5385,20220328
20220329,002091.SZ,12.8801,1.5323,20220329
20220330,002091.SZ,13.1516,1.5646,20220330
20220331,002091.SZ,12.6473,1.5046,20220331
20220401,002091.SZ,13.2809,1.58,20220401
20220406,002091.SZ,13.3384,1.6336,20220406
20220407,002091.SZ,13.312,1.6304,20220407
20220408,002091.SZ,13.2064,1.6175,20220408
20220411,002091.SZ,13.0743,1.6013,20220411
20220412,002091.SZ,13.1535,1.611,20220412
20220413,002091.SZ,12.863,1.5754,20220413
20220414,002091.SZ,12.8234,1.5706,20220414
20220415,002091.SZ,12.3876,1.5172,20220415
20220418,002091.SZ,12.6121,1.5447,20220418
20220419,002091.SZ,12.8102,1.5689,20220419
20220420,002091.SZ,12.6649,1.5512,20220420
20220421,002091.SZ,12.0574,1.4768,20220421
20220422,002091.SZ,12.1631,1.4897,20220422
20220425,002091.SZ,11.1472,1.3348,20220425
20220426,002091.SZ,10.2043,1.2219,20220426
20220427,002091.SZ,10.8889,1.3039,20220427
20220428,002091.SZ,10.8243,1.2961,20220428
20220429,002091.SZ,9.7846,1.3686,20220429
20220505,002091.SZ,10.7609,1.5052,20220505
20220506,002091.SZ,10.5593,1.477,20220506
20220509,002091.SZ,10.7928,1.5097,20220509
20220510,002091.SZ,10.9838,1.5364,20220510
20220511,002091.SZ,10.9307,1.529,20220511
20220512,002091.SZ,10.8458,1.5171,20220512
20220513,002091.SZ,11.005,1.5394,20220513
20220516,002091.SZ,11.0263,1.5423,20220516
20220517,002091.SZ,11.0793,1.5498,20220517
20220518,002091.SZ,10.9838,1.5364,20220518
20220519,002091.SZ,11.1642,1.5616,20220519
20220520,002091.SZ,11.4933,1.6076,20220520
20220523,002091.SZ,11.7162,1.6388,20220523
20220524,002091.SZ,11.1219,1.5557,20220524
20220525,002091.SZ,11.1325,1.5572,20220525
20220526,002091.SZ,10.9945,1.5971,20220526
20220527,002091.SZ,11.0476,1.6048,20220527
20220530,002091.SZ,11.2705,1.6372,20220530
20220531,002091.SZ,11.4403,1.6619,20220531
20220601,002091.SZ,11.4509,1.6634,20220601
20220602,002091.SZ,11.7374,1.7051,20220602
20220606,002091.SZ,12.077,1.7544,20220606
20220607,002091.SZ,12.2893,1.7852,20220607
20220608,002091.SZ,12.024,1.7467,20220608
20220609,002091.SZ,11.7268,1.7035,20220609
20220610,002091.SZ,12.1938,1.7713,20220610
20220613,002091.SZ,12.3423,1.7929,20220613
20220614,002091.SZ,12.5652,1.8253,20220614
20220615,002091.SZ,12.1513,1.7652,20220615
20220616,002091.SZ,12.268,1.7821,20220616
20220617,002091.SZ,12.6395,1.8361,20220617
20220620,002091.SZ,11.9921,1.7421,20220620
20220621,002091.SZ,11.5888,1.6835,20220621
20220622,002091.SZ,11.3766,1.6526,20220622
20220623,002091.SZ,11.6844,1.6973,20220623
20220624,002091.SZ,12.3211,1.7898,20220624
20220627,002091.SZ,12.215,1.7744,20220627
20220628,002091.SZ,12.2574,1.7806,20220628
20220629,002091.SZ,11.4615,1.665,20220629
20220630,002091.SZ,11.4084,1.6573,20220630
20220701,002091.SZ,11.8011,1.7143,20220701
20220704,002091.SZ,12.2234,1.7305,20220704
20220705,002091.SZ,12.3208,1.7443,20220705
20220706,002091.SZ,11.8665,1.68,20220706
20220707,002091.SZ,12.2775,1.7382,20220707
20220708,002091.SZ,11.8773,1.6815,20220708
20220711,002091.SZ,11.3148,1.6019,20220711
20220712,002091.SZ,11.0336,1.5621,20220712
20220713,002091.SZ,11.0876,1.5697,20220713
20220714,002091.SZ,11.3797,1.6111,20220714
20220715,002091.SZ,11.2499,1.5927,20220715
20220718,002091.SZ,11.4338,1.6187,20220718
20220719,002091.SZ,11.423,1.6172,20220719
20220720,002091.SZ,11.304,1.6004,20220720
20220721,002091.SZ,11.0444,1.5636,20220721
20220722,002091.SZ,10.9146,1.5452,20220722
20220725,002091.SZ,10.5576,1.4947,20220725
20220726,002091.SZ,10.6441,1.5069,20220726
20220727,002091.SZ,10.5792,1.4977,20220727
20220728,002091.SZ,10.8064,1.5299,20220728
20220729,002091.SZ,10.5576,1.4947,20220729
20220801,002091.SZ,10.6874,1.5131,20220801
20220802,002091.SZ,10.179,1.4411,20220802
20220803,002091.SZ,9.9843,1.4135,20220803
20220804,002091.SZ,10.06,1.4242,20220804
20220805,002091.SZ,10.0925,1.4288,20220805
20220808,002091.SZ,10.0816,1.4273,20220808
20220809,002091.SZ,10.3737,1.4687,20220809
20220810,002091.SZ,10.4602,1.4809,20220810
20220811,002091.SZ,10.655,1.5085,20220811
20220812,002091.SZ,10.6117,1.5023,20220812
20220815,002091.SZ,10.8172,1.5314,20220815
20220816,002091.SZ,10.7739,1.5253,20220816
20220817,002091.SZ,10.709,1.5161,20220817
20220818,002091.SZ,10.6658,1.51,20220818
20220819,002091.SZ,10.5792,1.4977,20220819
20220822,002091.SZ,10.8713,1.5391,20220822
20220823,002091.SZ,10.7523,1.5223,20220823
20220824,002091.SZ,10.4062,1.4732,20220824
20220825,002091.SZ,10.3845,1.4702,20220825
20220826,002091.SZ,10.5143,1.4886,20220826
20220829,002091.SZ,8.8983,1.4335,20220829
20220830,002091.SZ,8.5631,1.3795,20220830
20220831,002091.SZ,8.3275,1.3415,20220831
20220901,002091.SZ,8.3275,1.3415,20220901
20220902,002091.SZ,8.2731,1.3328,20220902
20220905,002091.SZ,8.4996,1.3693,20220905
20220906,002091.SZ,8.7443,1.4087,20220906
20220907,002091.SZ,8.7081,1.4028,20220907
20220908,002091.SZ,8.6356,1.3912,20220908
20220909,002091.SZ,8.5993,1.3853,20220909
20220913,002091.SZ,8.5178,1.3722,20220913
20220914,002091.SZ,8.4634,1.3634,20220914
20220915,002091.SZ,8.2097,1.3226,20220915
20220916,002091.SZ,7.8835,1.27,20220916
20220919,002091.SZ,7.9197,1.2758,20220919
20220920,002091.SZ,8.1281,1.3094,20220920
20220921,002091.SZ,8.1281,1.3094,20220921
20220922,002091.SZ,8.1553,1.3138,20220922
20220923,002091.SZ,8.0013,1.289,20220923
20220926,002091.SZ,7.7928,1.2554,20220926
20220927,002091.SZ,7.9831,1.2861,20220927
20220928,002091.SZ,7.6388,1.2306,20220928
20220929,002091.SZ,7.6388,1.2306,20220929
20220930,002091.SZ,7.5301,1.2131,20220930
20221010,002091.SZ,7.3488,1.1839,20221010
20221011,002091.SZ,7.5756,1.2204,20221011
20221012,002091.SZ,7.9109,1.2744,20221012
20221013,002091.SZ,7.9652,1.2831,20221013
20221014,002091.SZ,8.0196,1.2919,20221014
20221017,002091.SZ,8.0649,1.2992,20221017
20221018,002091.SZ,7.9924,1.2875,20221018
20221019,002091.SZ,8.0287,1.2934,20221019
20221020,002091.SZ,7.8927,1.2715,20221020
20221021,002091.SZ,8.1736,1.3167,20221021
20221024,002091.SZ,7.9018,1.2729,20221024
20221025,002091.SZ,7.7568,1.2496,20221025
20221026,002091.SZ,7.9199,1.2758,20221026
20221027,002091.SZ,8.0468,1.2963,20221027
20221028,002091.SZ,7.6118,1.2262,20221028
20221031,002091.SZ,7.1061,0.9927,20221031
20221101,002091.SZ,7.343,1.0258,20221101
20221102,002091.SZ,7.3956,1.0332,20221102
20221103,002091.SZ,7.4307,1.0381,20221103
20221104,002091.SZ,8.0975,1.1312,20221104
20221107,002091.SZ,7.9044,1.1043,20221107
20221108,002091.SZ,7.8781,1.1006,20221108
20221109,002091.SZ,7.9395,1.1092,20221109
20221110,002091.SZ,7.8781,1.1006,20221110
20221111,002091.SZ,7.8869,1.1018,20221111
20221114,002091.SZ,7.8079,1.0908,20221114
20221115,002091.SZ,7.8781,1.1006,20221115
20221116,002091.SZ,7.7904,1.0883,20221116
20221117,002091.SZ,7.7114,1.0773,20221117
20221118,002091.SZ,7.6062,1.0626,20221118
20221121,002091.SZ,7.6676,1.0712,20221121
20221122,002091.SZ,7.5535,1.0553,20221122
20221123,002091.SZ,7.6062,1.0626,20221123
20221124,002091.SZ,7.7114,1.0773,20221124
20221125,002091.SZ,7.5886,1.0602,20221125
20221128,002091.SZ,7.5009,1.0479,20221128
20221129,002091.SZ,7.6676,1.0712,20221129
20221130,002091.SZ,7.7027,1.0761,20221130
20221201,002091.SZ,7.7027,1.0761,20221201
20221202,002091.SZ,7.65,1.0687,20221202
20221205,002091.SZ,7.7202,1.0785,20221205
20221206,002091.SZ,7.7641,1.0847,20221206
20221207,002091.SZ,7.7641,1.0847,20221207
20221208,002091.SZ,7.8518,1.0969,20221208
20221209,002091.SZ,7.7992,1.0896,20221209
20221212,002091.SZ,7.6149,1.0638,20221212
20221213,002091.SZ,7.5886,1.0602,20221213
20221214,002091.SZ,7.5448,1.054,20221214
20221215,002091.SZ,7.5974,1.0614,20221215
20221216,002091.SZ,7.4746,1.0442,20221216
20221219,002091.SZ,7.264,1.0148,20221219
20221220,002091.SZ,7.2903,1.0185,20221220
20221221,002091.SZ,7.1938,1.005,20221221
20221222,002091.SZ,7.0886,0.9903,20221222
20221223,002091.SZ,7.071,0.9878,20221223
20221226,002091.SZ,7.2289,1.0099,20221226
20221227,002091.SZ,7.4044,1.0344,20221227
20221228,002091.SZ,7.4307,1.0381,20221228
20221229,002091.SZ,7.3781,1.0307,20221229
20221230,002091.SZ,7.457,1.0418,20221230
20230103,002091.SZ,7.457,1.0418,20230103
20230104,002091.SZ,7.3868,1.032,20230104
20230105,002091.SZ,7.4483,1.0405,20230105
20230106,002091.SZ,7.5009,1.0479,20230106
20230109,002091.SZ,7.5623,1.0565,20230109
20230110,002091.SZ,7.5886,1.0602,20230110
20230111,002091.SZ,7.4921,1.0467,20230111
20230112,002091.SZ,7.4833,1.0454,20230112
20230113,002091.SZ,7.5097,1.0491,20230113
20230116,002091.SZ,7.5799,1.0589,20230116
20230117,002091.SZ,7.5711,1.0577,20230117
20230118,002091.SZ,7.5623,1.0565,20230118
20230119,002091.SZ,7.5535,1.0553,20230119
20230120,002091.SZ,7.6588,1.07,20230120
20230130,002091.SZ,7.6851,1.0736,20230130
20230131,002091.SZ,7.7641,1.0847,20230131
20230201,002091.SZ,7.8781,1.1006,20230201
20230202,002091.SZ,7.7816,1.0871,20230202
20230203,002091.SZ,7.7378,1.081,20230203
20230206,002091.SZ,7.6764,1.0724,20230206
20230207,002091.SZ,7.7641,1.0847,20230207
20230208,002091.SZ,8.0799,1.1288,20230208
20230209,002091.SZ,8.0448,1.1239,20230209
20230210,002091.SZ,8.0799,1.1288,20230210
20230213,002091.SZ,8.0799,1.1288,20230213
20230214,002091.SZ,8.0097,1.119,20230214
20230215,002091.SZ,7.8869,1.1018,20230215
20230216,002091.SZ,7.7202,1.0785,20230216
20230217,002091.SZ,7.6149,1.0638,20230217
20230220,002091.SZ,7.6413,1.0675,20230220
20230221,002091.SZ,7.6939,1.0749,20230221
20230222,002091.SZ,7.6149,1.0638,20230222
20230223,002091.SZ,7.5448,1.054,20230223
20230224,002091.SZ,7.4833,1.0454,20230224
20230227,002091.SZ,7.4921,1.0467,20230227
20230228,002091.SZ,8.4516,1.0503,20230228
20230301,002091.SZ,8.5107,1.0577,20230301
20230302,002091.SZ,8.4811,1.054,20230302
20230303,002091.SZ,8.5502,1.0626,20230303
20230306,002091.SZ,8.5403,1.0614,20230306
20230307,002091.SZ,8.3924,1.043,20230307
20230308,002091.SZ,8.4516,1.0503,20230308
20230309,002091.SZ,8.4121,1.0454,20230309
20230310,002091.SZ,8.3135,1.0332,20230310
20230313,002091.SZ,8.3234,1.0344,20230313
20230314,002091.SZ,8.205,1.0197,20230314
20230315,002091.SZ,8.274,1.0283,20230315
20230316,002091.SZ,8.1656,1.0148,20230316
20230317,002091.SZ,8.2247,1.0222,20230317
20230320,002091.SZ,8.205,1.0197,20230320
20230321,002091.SZ,8.3135,1.0332,20230321
20230322,002091.SZ,8.3332,1.0356,20230322
20230323,002091.SZ,8.3036,1.032,20230323
20230324,002091.SZ,8.2445,1.0246,20230324
20230327,002091.SZ,8.1853,1.0173,20230327
20230328,002091.SZ,8.1163,1.0087,20230328
20230329,002091.SZ,8.0176,0.9964,20230329
20230330,002091.SZ,8.0965,1.0062,20230330
20230331,002091.SZ,8.0965,1.0062,20230331
20230403,002091.SZ,8.1458,1.0124,20230403
20230404,002091.SZ,8.0275,0.9976,20230404
20230406,002091.SZ,7.9881,0.9927,20230406
20230407,002091.SZ,8.0275,0.9976,20230407
20230410,002091.SZ,8.1459,1.0124,20230410
20230411,002091.SZ,8.0571,1.0013,20230411
20230412,002091.SZ,8.0965,1.0062,20230412
20230413,002091.SZ,8.067,1.0025,20230413
20230414,002091.SZ,8.0867,1.005,20230414
20230417,002091.SZ,8.136,1.0111,20230417
20230418,002091.SZ,8.2543,1.0258,20230418
20230419,002091.SZ,8.1853,1.0173,20230419
20230420,002091.SZ,8.1853,1.0173,20230420
20230421,002091.SZ,8.0275,0.9976,20230421
20230424,002091.SZ,8.1064,1.0075,20230424
20230425,002091.SZ,7.9979,0.994,20230425
20230426,002091.SZ,7.7204,0.9754,20230426
20230427,002091.SZ,7.7015,0.973,20230427
20230428,002091.SZ,8.3101,0.9536,20230428
20230504,002091.SZ,8.2593,0.9477,20230504
20230505,002091.SZ,8.1476,0.9349,20230505
20230508,002091.SZ,8.1882,0.9396,20230508
20230509,002091.SZ,8.1882,0.9396,20230509
20230510,002091.SZ,8.3203,0.9547,20230510
20230511,002091.SZ,8.3101,0.9536,20230511
20230512,002091.SZ,8.2593,0.9477,20230512
20230515,002091.SZ,8.3914,0.9629,20230515
20230516,002091.SZ,8.3101,0.9536,20230516
20230517,002091.SZ,8.3203,0.9547,20230517
20230518,002091.SZ,8.2491,0.9466,20230518
20230519,002091.SZ,8.2491,0.9466,20230519
20230522,002091.SZ,8.2288,0.9442,20230522
20230523,002091.SZ,8.2187,0.9431,20230523
20230524,002091.SZ,8.2085,0.9419,20230524
20230525,002091.SZ,8.1577,0.9361,20230525
20230526,002091.SZ,7.9952,0.9174,20230526
20230529,002091.SZ,7.9749,0.9151,20230529
20230530,002091.SZ,8.046,0.9233,20230530
20230531,002091.SZ,7.7514,0.9161,20230531
20230601,002091.SZ,7.7717,0.9185,20230601
20230602,002091.SZ,7.9749,0.9426,20230602
20230605,002091.SZ,7.9749,0.9426,20230605
20230606,002091.SZ,7.8834,0.9318,20230606
20230607,002091.SZ,7.8834,0.9318,20230607
20230608,002091.SZ,7.853,0.9282,20230608
20230609,002091.SZ,7.8225,0.9246,20230609
20230612,002091.SZ,7.8022,0.9221,20230612
20230613,002091.SZ,7.7818,0.9197,20230613
20230614,002091.SZ,7.7818,0.9197,20230614
20230615,002091.SZ,7.8936,0.933,20230615
20230616,002091.SZ,7.8733,0.9306,20230616
20230619,002091.SZ,7.7818,0.9197,20230619
20230620,002091.SZ,7.6802,0.9077,20230620
20230621,002091.SZ,7.6701,0.9065,20230621
20230626,002091.SZ,7.5279,0.8897,20230626
20230627,002091.SZ,7.5888,0.8969,20230627
20230628,002091.SZ,7.5787,0.8957,20230628
20230629,002091.SZ,7.5583,0.8933,20230629
20230630,002091.SZ,7.6599,0.9053,20230630
20230703,002091.SZ,7.7615,0.9173,20230703
20230704,002091.SZ,7.7615,0.8906,20230704
20230705,002091.SZ,7.7514,0.8894,20230705
20230706,002091.SZ,7.7209,0.8859,20230706
20230707,002091.SZ,7.7311,0.8871,20230707
20230710,002091.SZ,7.8225,0.8976,20230710
20230711,002091.SZ,7.853,0.9011,20230711
20230712,002091.SZ,7.8428,0.8999,20230712
20230713,002091.SZ,7.8733,0.9034,20230713
20230714,002091.SZ,7.8022,0.8953,20230714
20230717,002091.SZ,7.7819,0.8929,20230717
20230718,002091.SZ,7.8631,0.9023,20230718
20230719,002091.SZ,7.8123,0.8964,20230719
20230720,002091.SZ,7.8123,0.8964,20230720
20230721,002091.SZ,7.8428,0.8999,20230721
20230724,002091.SZ,7.8631,0.9023,20230724
20230725,002091.SZ,7.9139,0.9081,20230725
20230726,002091.SZ,7.9241,0.9093,20230726
20230727,002091.SZ,7.9241,0.9093,20230727
20230728,002091.SZ,7.9546,0.9128,20230728
20230731,002091.SZ,8.0257,0.9209,20230731
20230801,002091.SZ,8.0561,0.9244,20230801
20230802,002091.SZ,8.0054,0.9186,20230802
20230803,002091.SZ,8.0054,0.9186,20230803
20230804,002091.SZ,8.1069,0.9302,20230804
20230807,002091.SZ,8.0561,0.9244,20230807
20230808,002091.SZ,8.0765,0.9268,20230808
20230809,002091.SZ,7.9749,0.9151,20230809
20230810,002091.SZ,7.9749,0.9151,20230810
20230811,002091.SZ,7.8428,0.8999,20230811
20230814,002091.SZ,7.6904,0.8825,20230814
20230815,002091.SZ,7.6904,0.8825,20230815
20230816,002091.SZ,7.6701,0.8801,20230816
20230817,002091.SZ,7.6599,0.879,20230817
20230818,002091.SZ,7.5177,0.8626,20230818
20230821,002091.SZ,7.4161,0.851,20230821
20230822,002091.SZ,7.3958,0.8486,20230822
20230823,002091.SZ,7.2739,0.8347,20230823
20230824,002091.SZ,7.2231,0.8288,20230824
20230825,002091.SZ,7.9735,0.8317,20230825
20230828,002091.SZ,8.085,0.8434,20230828
20230829,002091.SZ,8.2188,0.8573,20230829
20230830,002091.SZ,8.2411,0.8596,20230830
20230831,002091.SZ,8.1742,0.8527,20230831
20230901,002091.SZ,8.2188,0.8573,20230901
20230904,002091.SZ,8.3638,0.8724,20230904
20230905,002091.SZ,8.4084,0.8771,20230905
20230906,002091.SZ,8.4753,0.8841,20230906
20230907,002091.SZ,8.4307,0.8794,20230907
20230908,002091.SZ,8.5311,0.8899,20230908
20230911,002091.SZ,8.5088,0.8876,20230911
20230912,002091.SZ,8.6314,0.9004,20230912
20230913,002091.SZ,8.5645,0.8934,20230913
20230914,002091.SZ,8.5199,0.8887,20230914
20230915,002091.SZ,8.5422,0.8911,20230915
20230918,002091.SZ,8.5534,0.8922,20230918
20230919,002091.SZ,8.5199,0.8887,20230919
20230920,002091.SZ,8.4196,0.8783,20230920
20230921,002091.SZ,8.3526,0.8713,20230921
20230922,002091.SZ,8.4196,0.8783,20230922
20230925,002091.SZ,8.3526,0.8713,20230925
20230926,002091.SZ,8.3192,0.8678,20230926
20230927,002091.SZ,8.3192,0.8678,20230927
20230928,002091.SZ,8.308,0.8666,20230928
20231009,002091.SZ,8.2077,0.8562,20231009
20231010,002091.SZ,8.1965,0.855,20231010
20231011,002091.SZ,8.1073,0.8457,20231011
20231012,002091.SZ,8.3192,0.8678,20231012
20231013,002091.SZ,8.1742,0.8527,20231013
20231016,002091.SZ,8.1185,0.8469,20231016
20231017,002091.SZ,8.1408,0.8492,20231017
20231018,002091.SZ,8.0181,0.8364,20231018
20231019,002091.SZ,7.9512,0.8294,20231019
20231020,002091.SZ,7.9177,0.8259,20231020
20231023,002091.SZ,7.717,0.805,20231023
20231024,002091.SZ,7.8397,0.8178,20231024
20231025,002091.SZ,7.8954,0.8236,20231025
20231026,002091.SZ,7.9177,0.8259,20231026
20231027,002091.SZ,8.0293,0.8375,20231027
20231030,002091.SZ,8.0369,0.8607,20231030
20231031,002091.SZ,8.0789,0.8652,20231031
20231101,002091.SZ,8.0894,0.8664,20231101
20231102,002091.SZ,8.016,0.8585,20231102
20231103,002091.SZ,7.953,0.8518,20231103
20231106,002091.SZ,7.974,0.854,20231106
20231107,002091.SZ,7.9215,0.8484,20231107
20231108,002091.SZ,7.8691,0.8428,20231108
20231109,002091.SZ,7.8481,0.8405,20231109
20231110,002091.SZ,7.8271,0.8383,20231110
20231113,002091.SZ,7.89,0.845,20231113
20231114,002091.SZ,7.9635,0.8529,20231114
20231115,002091.SZ,8.0369,0.8607,20231115
20231116,002091.SZ,7.953,0.8518,20231116
20231117,002091.SZ,8.0369,0.8607,20231117
20231120,002091.SZ,8.0789,0.8652,20231120
20231121,002091.SZ,8.0999,0.8675,20231121
20231122,002091.SZ,8.0579,0.863,20231122
20231123,002091.SZ,8.2258,0.881,20231123
20231124,002091.SZ,8.2887,0.8877,20231124
20231127,002091.SZ,8.2153,0.8798,20231127
20231128,002091.SZ,8.2468,0.8832,20231128
20231129,002091.SZ,8.2363,0.8821,20231129
20231130,002091.SZ,8.2153,0.8798,20231130
20231201,002091.SZ,8.2573,0.8843,20231201
20231204,002091.SZ,8.2153,0.8798,20231204
20231205,002091.SZ,8.1628,0.8742,20231205
20231206,002091.SZ,8.2887,0.8877,20231206
20231207,002091.SZ,8.2573,0.8843,20231207
20231208,002091.SZ,8.0894,0.8664,20231208
20231211,002091.SZ,8.1943,0.8776,20231211
20231212,002091.SZ,8.2783,0.8866,20231212
20231213,002091.SZ,8.2048,0.8787,20231213
20231214,002091.SZ,8.2992,0.8888,20231214
20231215,002091.SZ,8.2048,0.8787,20231215
20231218,002091.SZ,8.1209,0.8697,20231218
20231219,002091.SZ,8.1524,0.8731,20231219
20231220,002091.SZ,8.016,0.8585,20231220
20231221,002091.SZ,8.0789,0.8652,20231221
20231222,002091.SZ,8.0474,0.8619,20231222
20231225,002091.SZ,7.9005,0.8461,20231225
20231226,002091.SZ,7.8586,0.8416,20231226
20231227,002091.SZ,7.8796,0.8439,20231227
20231228,002091.SZ,8.1733,0.8753,20231228
20231229,002091.SZ,8.2153,0.8798,20231229
20240102,002091.SZ,8.2153,0.8798,20240102
20240103,002091.SZ,8.2153,0.8798,20240103
20240104,002091.SZ,8.1209,0.8697,20240104
20240105,002091.SZ,8.1314,0.8709,20240105
20240108,002091.SZ,7.8796,0.8439,20240108
20240109,002091.SZ,7.8796,0.8439,20240109
20240110,002091.SZ,7.89,0.845,20240110
20240111,002091.SZ,8.0369,0.8607,20240111
20240112,002091.SZ,8.0264,0.8596,20240112
20240115,002091.SZ,8.0789,0.8652,20240115
20240116,002091.SZ,8.0474,0.8619,20240116
20240117,002091.SZ,7.8481,0.8405,20240117
20240118,002091.SZ,7.6802,0.8225,20240118
20240119,002091.SZ,7.6592,0.8203,20240119
20240122,002091.SZ,7.2396,0.7753,20240122
20240123,002091.SZ,7.2291,0.7742,20240123
20240124,002091.SZ,7.3969,0.7922,20240124
20240125,002091.SZ,7.6802,0.8225,20240125
20240126,002091.SZ,7.7222,0.827,20240126
20240129,002091.SZ,7.6592,0.8203,20240129
20240130,002091.SZ,7.4284,0.7956,20240130
20240131,002091.SZ,7.1661,0.7675,20240131
20240201,002091.SZ,7.0297,0.7529,20240201
20240202,002091.SZ,6.7045,0.718,20240202
20240205,002091.SZ,6.1484,0.6585,20240205
20240206,002091.SZ,6.6415,0.7113,20240206
20240207,002091.SZ,7.0717,0.7574,20240207
20240208,002091.SZ,7.4494,0.7978,20240208
20240219,002091.SZ,7.3025,0.7821,20240219
20240220,002091.SZ,7.2396,0.7753,20240220
20240221,002091.SZ,7.3445,0.7866,20240221
20240222,002091.SZ,7.355,0.7877,20240222
20240223,002091.SZ,7.334,0.7855,20240223
20240226,002091.SZ,7.3025,0.7821,20240226
20240227,002091.SZ,7.3864,0.7911,20240227
20240228,002091.SZ,7.2081,0.772,20240228
20240229,002091.SZ,7.3655,0.7888,20240229
20240301,002091.SZ,7.355,0.7877,20240301
20240304,002091.SZ,7.271,0.7787,20240304
20240305,002091.SZ,7.1871,0.7697,20240305
20240306,002091.SZ,7.1976,0.7708,20240306
20240307,002091.SZ,7.2396,0.7753,20240307
20240308,002091.SZ,7.2291,0.7742,20240308
20240311,002091.SZ,7.3969,0.7922,20240311
20240312,002091.SZ,7.355,0.7877,20240312
20240313,002091.SZ,7.2996,0.7784,20240313
20240314,002091.SZ,7.2171,0.7696,20240314
20240315,002091.SZ,7.2893,0.7773,20240315
20240318,002091.SZ,7.3408,0.7828,20240318
20240319,002091.SZ,7.3099,0.7795,20240319
20240320,002091.SZ,7.3202,0.7806,20240320
20240321,002091.SZ,7.279,0.7762,20240321
20240322,002091.SZ,7.1243,0.7597,20240322
20240325,002091.SZ,7.0212,0.7487,20240325
20240326,002091.SZ,7.0831,0.7553,20240326
20240327,002091.SZ,6.98,0.7443,20240327
20240328,002091.SZ,7.0728,0.7542,20240328
20240329,002091.SZ,7.2274,0.7707,20240329
20240401,002091.SZ,7.4336,0.7927,20240401
20240402,002091.SZ,7.7636,0.8278,20240402
20240403,002091.SZ,8.2585,0.8806,20240403
20240408,002091.SZ,8.176,0.8718,20240408
20240409,002091.SZ,8.5781,0.9147,20240409
20240410,002091.SZ,8.2172,0.8762,20240410
20240411,002091.SZ,8.145,0.8685,20240411
20240412,002091.SZ,8.0523,0.8586,20240412
20240415,002091.SZ,8.1863,0.8729,20240415
20240416,002091.SZ,8.176,0.8718,20240416
20240417,002091.SZ,8.4131,0.8971,20240417
20240418,002091.SZ,8.6812,0.9257,20240418
20240419,002091.SZ,8.5781,0.9147,20240419
20240422,002091.SZ,8.4543,0.9015,20240422
20240423,002091.SZ,8.4131,0.8971,20240423
20240424,002091.SZ,8.4543,0.9015,20240424
20240425,002091.SZ,8.1485,0.8816,20240425
20240426,002091.SZ,8.1986,0.8211,20240426
20240429,002091.SZ,8.3176,0.833,20240429
20240430,002091.SZ,8.1986,0.8211,20240430
20240506,002091.SZ,8.5339,0.8546,20240506
20240507,002091.SZ,8.4798,0.8492,20240507
20240508,002091.SZ,8.2959,0.8308,20240508
20240509,002091.SZ,8.588,0.8601,20240509
20240510,002091.SZ,8.469,0.8481,20240510
20240513,002091.SZ,8.4149,0.8427,20240513
20240514,002091.SZ,8.3825,0.8395,20240514
20240515,002091.SZ,8.2635,0.8276,20240515
20240516,002091.SZ,8.1878,0.82,20240516
20240517,002091.SZ,8.2419,0.8254,20240517
20240520,002091.SZ,8.1445,0.8156,20240520
20240521,002091.SZ,8.0147,0.8026,20240521
20240522,002091.SZ,8.058,0.807,20240522
20240523,002091.SZ,7.8958,0.7907,20240523
20240524,002091.SZ,7.9607,0.7972,20240524
20240527,002091.SZ,8.1229,0.8135,20240527
20240528,002091.SZ,8.1337,0.8146,20240528
20240529,002091.SZ,8.177,0.8189,20240529
20240530,002091.SZ,8.1229,0.8135,20240530
20240531,002091.SZ,8.1445,0.8156,20240531
20240603,002091.SZ,8.0364,0.8048,20240603
20240604,002091.SZ,8.1553,0.8167,20240604
20240605,002091.SZ,7.9174,0.7929,20240605
20240606,002091.SZ,8.0255,0.8037,20240606
20240607,002091.SZ,7.9174,0.7929,20240607
20240611,002091.SZ,7.8958,0.7907,20240611
20240612,002091.SZ,7.8525,0.7864,20240612
20240613,002091.SZ,7.8309,0.7842,20240613
20240614,002091.SZ,8.0147,0.8026,20240614
20240617,002091.SZ,7.9931,0.8005,20240617
20240618,002091.SZ,8.0364,0.8048,20240618
20240619,002091.SZ,7.9066,0.7918,20240619
20240620,002091.SZ,7.3982,0.7658,20240620
20240621,002091.SZ,7.4198,0.768,20240621
20240624,002091.SZ,7.2684,0.7524,20240624
20240625,002091.SZ,7.3874,0.7647,20240625
20240626,002091.SZ,7.4847,0.7747,20240626
20240627,002091.SZ,7.2684,0.7524,20240627
20240628,002091.SZ,7.3658,0.7624,20240628
20240701,002091.SZ,7.4198,0.768,20240701
20240702,002091.SZ,7.3658,0.7624,20240702
20240703,002091.SZ,7.3766,0.7635,20240703
20240704,002091.SZ,7.2684,0.7524,20240704
20240705,002091.SZ,7.3225,0.758,20240705
20240708,002091.SZ,7.1819,0.7434,20240708
20240709,002091.SZ,7.2792,0.7535,20240709
20240710,002091.SZ,7.2035,0.7456,20240710
20240711,002091.SZ,7.3982,0.7658,20240711
20240712,002091.SZ,7.3333,0.7591,20240712
20240715,002091.SZ,7.2792,0.7535,20240715
20240716,002091.SZ,7.2252,0.7479,20240716
20240717,002091.SZ,7.2143,0.7468,20240717
20240718,002091.SZ,7.1711,0.7423,20240718
20240719,002091.SZ,7.0737,0.7322,20240719
20240722,002091.SZ,7.0088,0.7255,20240722
20240723,002091.SZ,6.9007,0.7143,20240723
20240724,002091.SZ,6.8358,0.7076,20240724
20240725,002091.SZ,6.9007,0.7143,20240725
20240726,002091.SZ,6.998,0.7244,20240726
20240729,002091.SZ,6.9331,0.7176,20240729
20240730,002091.SZ,6.9223,0.7165,20240730
20240731,002091.SZ,7.2252,0.7479,20240731
20240801,002091.SZ,7.117,0.7367,20240801
20240802,002091.SZ,6.998,0.7244,20240802
20240805,002091.SZ,6.8899,0.7132,20240805
20240806,002091.SZ,6.9872,0.7232,20240806
20240807,002091.SZ,6.9223,0.7165,20240807
20240808,002091.SZ,6.9656,0.721,20240808
20240809,002091.SZ,6.9115,0.7154,20240809
20240812,002091.SZ,6.8141,0.7053,20240812
20240813,002091.SZ,6.9007,0.7143,20240813
20240814,002091.SZ,6.8141,0.7053,20240814
20240815,002091.SZ,6.8574,0.7098,20240815
20240816,002091.SZ,6.8141,0.7053,20240816
20240819,002091.SZ,6.8358,0.7076,20240819
20240820,002091.SZ,6.6844,0.6919,20240820
20240821,002091.SZ,6.6844,0.6919,20240821
20240822,002091.SZ,6.6411,0.6874,20240822
20240823,002091.SZ,6.5654,0.6796,20240823
20240826,002091.SZ,6.6844,0.6919,20240826
20240827,002091.SZ,6.6411,0.6874,20240827
20240828,002091.SZ,6.7276,0.6964,20240828
20240829,002091.SZ,6.8141,0.7053,20240829
20240830,002091.SZ,7.2177,0.6969,20240830
20240902,002091.SZ,7.2633,0.7013,20240902
20240903,002091.SZ,7.3999,0.7145,20240903
20240904,002091.SZ,7.5023,0.7244,20240904
20240905,002091.SZ,7.5706,0.731,20240905
20240906,002091.SZ,7.4909,0.7233,20240906
20240909,002091.SZ,7.4568,0.72,20240909
20240910,002091.SZ,7.5251,0.7266,20240910
20240911,002091.SZ,7.4909,0.7233,20240911
20240912,002091.SZ,7.5137,0.7255,20240912
20240913,002091.SZ,7.4682,0.7211,20240913
20240918,002091.SZ,7.4796,0.7222,20240918
20240919,002091.SZ,7.582,0.7321,20240919
20240920,002091.SZ,7.5479,0.7288,20240920
20240923,002091.SZ,7.5479,0.7288,20240923
20240924,002091.SZ,7.7756,0.7508,20240924
20240925,002091.SZ,7.878,0.7607,20240925
20240926,002091.SZ,8.1171,0.7838,20240926
20240927,002091.SZ,8.2537,0.797,20240927
20240930,002091.SZ,8.8457,0.8541,20240930
20241008,002091.SZ,9.0734,0.8761,20241008
20241009,002091.SZ,8.4358,0.8146,20241009
20241010,002091.SZ,8.5155,0.8223,20241010
20241011,002091.SZ,8.2309,0.7948,20241011
20241014,002091.SZ,8.2879,0.8003,20241014
20241015,002091.SZ,8.0488,0.7772,20241015
20241016,002091.SZ,8.0488,0.7772,20241016
20241017,002091.SZ,7.9577,0.7684,20241017
20241018,002091.SZ,8.1171,0.7838,20241018
20241021,002091.SZ,8.0602,0.7783,20241021
20241022,002091.SZ,8.1057,0.7827,20241022
20241023,002091.SZ,8.2651,0.7981,20241023
20241024,002091.SZ,8.1399,0.786,20241024
20241025,002091.SZ,8.3789,0.8091,20241025
20241028,002091.SZ,8.4245,0.8135,20241028
20241029,002091.SZ,8.2765,0.7992,20241029
20241030,002091.SZ,9.1763,0.7794,20241030
20241031,002091.SZ,9.1511,0.7772,20241031
20241101,002091.SZ,9.1385,0.7762,20241101
20241104,002091.SZ,9.1385,0.7762,20241104
20241105,002091.SZ,9.2771,0.7879,20241105
20241106,002091.SZ,9.3654,0.7954,20241106
20241107,002091.SZ,9.4536,0.8116,20241107
20241108,002091.SZ,9.3654,0.804,20241108
20241111,002091.SZ,9.5796,0.8224,20241111
20241112,002091.SZ,9.6553,0.8289,20241112
20241113,002091.SZ,9.8191,0.843,20241113
20241114,002091.SZ,9.6805,0.8311,20241114
20241115,002091.SZ,9.567,0.8214,20241115
20241118,002091.SZ,9.9326,0.8527,20241118
20241119,002091.SZ,9.8569,0.8463,20241119
20241120,002091.SZ,10.1468,0.8711,20241120
20241121,002091.SZ,10.1595,0.8722,20241121
20241122,002091.SZ,9.92,0.8517,20241122
20241125,002091.SZ,9.8191,0.843,20241125
20241126,002091.SZ,9.6805,0.8311,20241126
20241127,002091.SZ,9.7561,0.8376,20241127
20241128,002091.SZ,9.6805,0.8311,20241128
20241129,002091.SZ,9.7561,0.8376,20241129
20241202,002091.SZ,9.8569,0.8463,20241202
20241203,002091.SZ,9.8065,0.8419,20241203
20241204,002091.SZ,9.6679,0.83,20241204
20241205,002091.SZ,9.6679,0.83,20241205
20241206,002091.SZ,9.9074,0.8506,20241206
20241209,002091.SZ,9.9326,0.8527,20241209
20241210,002091.SZ,9.8443,0.8452,20241210
20241211,002091.SZ,9.9326,0.8527,20241211
20241212,002091.SZ,9.9704,0.856,20241212
20241213,002091.SZ,9.6805,0.8311,20241213
20241216,002091.SZ,9.6048,0.8246,20241216
20241217,002091.SZ,9.4536,0.8116,20241217
20241218,002091.SZ,9.4536,0.8116,20241218
20241219,002091.SZ,9.4032,0.8073,20241219
20241220,002091.SZ,9.3401,0.8019,20241220
20241223,002091.SZ,9.1763,0.7878,20241223
20241224,002091.SZ,9.3527,0.803,20241224
20241225,002091.SZ,9.3275,0.8008,20241225
20241226,002091.SZ,9.4032,0.8073,20241226
20241227,002091.SZ,9.4914,0.8149,20241227
20241230,002091.SZ,9.4536,0.8116,20241230
20241231,002091.SZ,9.2267,0.7921,20241231
20250102,002091.SZ,9.0376,0.7759,20250102
20250103,002091.SZ,8.9116,0.7651,20250103
20250106,002091.SZ,9.0629,0.7781,20250106
20250107,002091.SZ,8.9873,0.7716,20250107
20250108,002091.SZ,8.9494,0.7683,20250108
20250109,002091.SZ,8.9242,0.7662,20250109
20250110,002091.SZ,8.899,0.764,20250110
20250113,002091.SZ,8.7856,0.7543,20250113
20250114,002091.SZ,8.9747,0.7705,20250114
20250115,002091.SZ,8.9494,0.7683,20250115
20250116,002091.SZ,9.0125,0.7737,20250116
20250117,002091.SZ,9.0881,0.7802,20250117
20250120,002091.SZ,9.0881,0.7802,20250120
20250121,002091.SZ,9.0629,0.7781,20250121
20250122,002091.SZ,9.0377,0.7759,20250122
20250123,002091.SZ,9.0251,0.7748,20250123
20250124,002091.SZ,9.0629,0.7781,20250124
20250127,002091.SZ,9.1007,0.7813,20250127
20250205,002091.SZ,8.9242,0.7662,20250205
20250206,002091.SZ,9.0377,0.7759,20250206
20250207,002091.SZ,9.1511,0.7857,20250207
20250210,002091.SZ,9.0881,0.7802,20250210
20250211,002091.SZ,9.0629,0.7781,20250211
20250212,002091.SZ,9.1007,0.7813,20250212
20250213,002091.SZ,9.4284,0.8095,20250213
20250214,002091.SZ,9.8822,0.8484,20250214
20250217,002091.SZ,9.4915,0.8149,20250217
20250218,002091.SZ,9.5167,0.817,20250218
20250219,002091.SZ,9.4915,0.8149,20250219
20250220,002091.SZ,9.441,0.8105,20250220
20250221,002091.SZ,9.5293,0.8181,20250221
20250224,002091.SZ,9.6301,0.8268,20250224
20250225,002091.SZ,9.4915,0.8149,20250225
20250226,002091.SZ,9.5923,0.8235,20250226
20250227,002091.SZ,9.7814,0.8398,20250227
20250228,002091.SZ,11.2721,0.8354,20250228
20250303,002091.SZ,11.5057,0.8527,20250303
20250304,002091.SZ,11.3013,0.8376,20250304
20250305,002091.SZ,11.2283,0.8322,20250305
20250306,002091.SZ,11.2721,0.8354,20250306
20250307,002091.SZ,11.2721,0.8354,20250307
20250310,002091.SZ,11.5203,0.8538,20250310
20250311,002091.SZ,11.6809,0.8657,20250311
20250312,002091.SZ,11.5349,0.8549,20250312
20250313,002091.SZ,11.6371,0.8625,20250313
20250314,002091.SZ,11.6079,0.8603,20250314
20250317,002091.SZ,11.4911,0.8517,20250317
20250318,002091.SZ,11.4035,0.8452,20250318
20250319,002091.SZ,11.2575,0.8343,20250319
20250320,002091.SZ,11.2137,0.8311,20250320
20250321,002091.SZ,11.2575,0.8343,20250321
20250324,002091.SZ,11.1699,0.8279,20250324
20250325,002091.SZ,11.3159,0.8387,20250325
20250326,002091.SZ,11.3305,0.8398,20250326
20250327,002091.SZ,11.2867,0.8365,20250327
20250328,002091.SZ,11.0823,0.8214,20250328
20250331,002091.SZ,11.1261,0.8246,20250331
20250401,002091.SZ,11.2283,0.8322,20250401
20250402,002091.SZ,11.4035,0.8317,20250402
20250403,002091.SZ,11.3743,0.8296,20250403
20250407,002091.SZ,10.2354,0.7465,20250407
20250408,002091.SZ,9.739,0.7103,20250408
20250409,002091.SZ,9.666,0.705,20250409
20250410,002091.SZ,9.9726,0.7274,20250410
20250411,002091.SZ,9.9872,0.7284,20250411
20250414,002091.SZ,10.031,0.7316,20250414
20250415,002091.SZ,9.9726,0.7274,20250415
20250416,002091.SZ,9.958,0.7263,20250416
20250417,002091.SZ,9.9726,0.7274,20250417
20250418,002091.SZ,9.9288,0.7242,20250418
20250421,002091.SZ,10.031,0.7316,20250421
20250422,002091.SZ,10.1332,0.7391,20250422
20250423,002091.SZ,10.2792,0.7497,20250423
20250424,002091.SZ,10.3084,0.7519,20250424
20250425,002091.SZ,10.2938,0.7508,20250425
20250428,002091.SZ,10.2306,0.741,20250428
20250429,002091.SZ,10.2748,0.7442,20250429
20250430,002091.SZ,10.2666,0.7514,20250430
20250506,002091.SZ,10.367,0.7587,20250506
20250507,002091.SZ,10.539,0.7713,20250507
20250508,002091.SZ,10.453,0.765,20250508
20250509,002091.SZ,10.5104,0.7692,20250509
20250512,002091.SZ,10.6824,0.7818,20250512
20250513,002091.SZ,10.7541,0.7871,20250513
20250514,002091.SZ,10.7541,0.7871,20250514
20250515,002091.SZ,10.7541,0.7871,20250515
20250516,002091.SZ,10.6681,0.7808,20250516
20250519,002091.SZ,10.7254,0.785,20250519
20250520,002091.SZ,10.7111,0.7839,20250520
20250521,002091.SZ,10.7684,0.7881,20250521
20250522,002091.SZ,10.5964,0.7755,20250522
20250523,002091.SZ,10.6394,0.7787,20250523
20250526,002091.SZ,10.5534,0.7724,20250526
20250527,002091.SZ,10.582,0.7745,20250527
20250528,002091.SZ,10.582,0.7745,20250528
20250529,002091.SZ,10.6394,0.7787,20250529
20250530,002091.SZ,10.582,0.7745,20250530
20250603,002091.SZ,10.582,0.7745,20250603
20250604,002091.SZ,10.582,0.7745,20250604
20250605,002091.SZ,10.5677,0.7734,20250605
20250606,002091.SZ,10.7254,0.785,20250606
20250609,002091.SZ,10.7254,0.785,20250609
20250610,002091.SZ,10.6824,0.7818,20250610
20250611,002091.SZ,10.8545,0.7944,20250611
20250612,002091.SZ,10.9119,0.7986,20250612
20250613,002091.SZ,10.7828,0.7892,20250613
20250616,002091.SZ,10.7398,0.786,20250616
20250617,002091.SZ,10.8402,0.7934,20250617
20250618,002091.SZ,10.7255,0.785,20250618
20250619,002091.SZ,10.1519,0.7671,20250619
20250620,002091.SZ,10.1949,0.7704,20250620
20250623,002091.SZ,10.281,0.7769,20250623
20250624,002091.SZ,10.5677,0.7986,20250624
20250625,002091.SZ,10.5677,0.7986,20250625
20250626,002091.SZ,10.5677,0.7986,20250626
20250627,002091.SZ,10.5391,0.7964,20250627
20250630,002091.SZ,10.4244,0.7877,20250630
20250701,002091.SZ,10.367,0.7834,20250701
20250702,002091.SZ,10.4387,0.7888,20250702
20250703,002091.SZ,10.4817,0.7921,20250703
20250704,002091.SZ,10.453,0.7899,20250704
20250707,002091.SZ,10.41,0.7866,20250707
20250708,002091.SZ,10.4674,0.791,20250708
20250709,002091.SZ,10.41,0.7866,20250709
20250710,002091.SZ,10.4817,0.7921,20250710
20250711,002091.SZ,10.5534,0.7975,20250711
20250714,002091.SZ,10.5247,0.7953,20250714
20250715,002091.SZ,10.4387,0.7888,20250715
20250716,002091.SZ,10.453,0.7899,20250716
20250717,002091.SZ,10.4387,0.7888,20250717
20250718,002091.SZ,10.5534,0.7975,20250718
20250721,002091.SZ,10.7255,0.8105,20250721
20250722,002091.SZ,10.8545,0.8202,20250722
20250723,002091.SZ,10.7542,0.8127,20250723
20250724,002091.SZ,10.8689,0.8213,20250724
20250725,002091.SZ,10.8689,0.8213,20250725
20250728,002091.SZ,10.7255,0.8105,20250728
20250729,002091.SZ,10.7111,0.8094,20250729
20250730,002091.SZ,10.7111,0.8094,20250730
20250731,002091.SZ,10.4387,0.7888,20250731
20250801,002091.SZ,10.5391,0.7964,20250801
20250804,002091.SZ,10.6538,0.8051,20250804
20250805,002091.SZ,10.6538,0.8051,20250805
20250806,002091.SZ,10.5821,0.7996,20250806
20250807,002091.SZ,10.4961,0.7931,20250807
20250808,002091.SZ,10.5821,0.7996,20250808
20250811,002091.SZ,10.6681,0.8061,20250811
20250812,002091.SZ,10.6394,0.804,20250812
20250813,002091.SZ,10.7685,0.8137,20250813
20250814,002091.SZ,10.5677,0.7986,20250814
20250815,002091.SZ,10.7542,0.8127,20250815
20250818,002091.SZ,10.7542,0.8127,20250818
20250819,002091.SZ,10.7828,0.8148,20250819
20250820,002091.SZ,10.8975,0.8235,20250820
20250821,002091.SZ,10.8975,0.8235,20250821
20250822,002091.SZ,10.8975,0.8235,20250822
20250825,002091.SZ,11.7402,0.8881,20250825
20250826,002091.SZ,11.9649,0.9051,20250826
20250827,002091.SZ,11.4874,0.869,20250827
20250828,002091.SZ,11.3891,0.8615,20250828
20250829,002091.SZ,11.3469,0.8584,20250829
20250901,002091.SZ,11.4453,0.8658,20250901
20250902,002091.SZ,11.6138,0.8785,20250902
20250903,002091.SZ,11.375,0.8605,20250903
20250904,002091.SZ,11.4593,0.8669,20250904
20250905,002091.SZ,11.9227,0.9019,20250905
20250908,002091.SZ,12.1053,0.9157,20250908
20250909,002091.SZ,12.7653,0.9657,20250909
20250910,002091.SZ,12.4845,0.9444,20250910
20250911,002091.SZ,12.4985,0.9455,20250911
20250912,002091.SZ,12.4985,0.9455,20250912
20250915,002091.SZ,12.6108,0.954,20250915
20250916,002091.SZ,12.5406,0.9487,20250916
20250917,002091.SZ,12.7091,0.9614,20250917
20250918,002091.SZ,12.2317,0.9253,20250918
20250919,002091.SZ,12.3019,0.9306,20250919
20250922,002091.SZ,12.0491,0.9115,20250922
20250923,002091.SZ,12.0912,0.9147,20250923
20250924,002091.SZ,12.5125,0.9465,20250924
20250925,002091.SZ,12.4564,0.9423,20250925
20250926,002091.SZ,12.4002,0.938,20250926
20250929,002091.SZ,12.653,0.9572,20250929
20250930,002091.SZ,12.8355,0.971,20250930
20251009,002091.SZ,13.0602,0.988,20251009
20251010,002091.SZ,12.6109,0.954,20251010
20251013,002091.SZ,12.3441,0.9338,20251013
20251014,002091.SZ,12.2177,0.9242,20251014
20251015,002091.SZ,12.316,0.9317,20251015
20251016,002091.SZ,12.1896,0.9221,20251016
20251017,002091.SZ,11.8947,0.8998,20251017
20251020,002091.SZ,11.9228,0.9019,20251020
20251021,002091.SZ,12.0492,0.9115,20251021
20251022,002091.SZ,11.8104,0.8934,20251022
20251023,002091.SZ,12.0632,0.9125,20251023
20251024,002091.SZ,11.9368,0.903,20251024
20251027,002091.SZ,11.9649,0.9051,20251027
20251028,002091.SZ,11.9087,0.9009,20251028
20251029,002091.SZ,12.1053,0.9157,20251029
20251030,002091.SZ,12.3441,0.9338,20251030
20251031,002091.SZ,13.1808,0.9669,20251031
20251103,002091.SZ,13.2655,0.9731,20251103
20251104,002091.SZ,12.9268,0.9483,20251104
20251105,002091.SZ,12.9974,0.9534,20251105
20251106,002091.SZ,13.1103,0.9617,20251106
20251107,002091.SZ,14.4227,1.058,20251107
20251110,002091.SZ,14.5638,1.0684,20251110
20251111,002091.SZ,15.0296,1.1025,20251111
20251112,002091.SZ,14.3099,1.0497,20251112
20251113,002091.SZ,15.0296,1.1025,20251113
20251114,002091.SZ,14.4369,1.059,20251114
20251117,002091.SZ,14.6768,1.0766,20251117
20251118,002091.SZ,13.8442,1.0338,20251118
20251119,002091.SZ,13.6466,1.019,20251119
20251120,002091.SZ,13.4914,1.0074,20251120
20251121,002091.SZ,12.5741,0.9389,20251121
20251124,002091.SZ,12.5176,0.9347,20251124
20251125,002091.SZ,12.9269,0.9653,20251125
20251126,002091.SZ,12.7152,0.9495,20251126
20251127,002091.SZ,12.7857,0.9547,20251127
20251128,002091.SZ,12.9974,0.9705,20251128
20251201,002091.SZ,13.0115,0.9716,20251201
20251202,002091.SZ,12.8986,0.9632,20251202
20251203,002091.SZ,12.7857,0.9547,20251203
20251204,002091.SZ,12.6587,0.9452,20251204
20251205,002091.SZ,12.7857,0.9547,20251205
20251208,002091.SZ,12.7293,0.9505,20251208
20251209,002091.SZ,12.5882,0.94,20251209
20251210,002091.SZ,12.4753,0.9315,20251210
20251211,002091.SZ,12.2354,0.9136,20251211
20251212,002091.SZ,12.0801,0.902,20251212
20251215,002091.SZ,12.1789,0.9094,20251215
20251216,002091.SZ,12.0942,0.9031,20251216
20251217,002091.SZ,12.4188,0.9273,20251217
20251218,002091.SZ,12.4329,0.9284,20251218
20251219,002091.SZ,12.6446,0.9442,20251219
20251222,002091.SZ,12.7011,0.9484,20251222
20251223,002091.SZ,12.8845,0.9621,20251223
20251224,002091.SZ,12.8845,0.9621,20251224
20251225,002091.SZ,12.8986,0.9632,20251225
20251226,002091.SZ,13.0962,0.9779,20251226
20251229,002091.SZ,12.8986,0.9632,20251229
20251230,002091.SZ,12.7999,0.9558,20251230
20251231,002091.SZ,12.7434,0.9516,20251231
20260105,002091.SZ,12.7293,0.9505,20260105
20260106,002091.SZ,13.0121,0.9716,20260106
20260107,002091.SZ,12.8004,0.9558,20260107
20260108,002091.SZ,12.7298,0.9505,20260108
20260109,002091.SZ,12.7722,0.9537,20260109
20260112,002091.SZ,12.7722,0.9537,20260112
20260113,002091.SZ,12.7298,0.9505,20260113
20260114,002091.SZ,12.6028,0.941,20260114
20260115,002091.SZ,12.998,0.9705,20260115
20260116,002091.SZ,13.0262,0.9726,20260116
20260119,002091.SZ,13.2661,0.9906,20260119
20260120,002091.SZ,13.1109,0.979,20260120
20260121,002091.SZ,13.1814,0.9842,20260121
20260122,002091.SZ,13.3226,0.9948,20260122
20260123,002091.SZ,13.3508,0.9969,20260123
20260126,002091.SZ,13.1391,0.9811,20260126
20260127,002091.SZ,13.0262,0.9726,20260127
20260128,002091.SZ,12.998,0.9705,20260128
20260129,002091.SZ,12.6875,0.9474,20260129
20260130,002091.SZ,12.4758,0.9315,20260130
20260202,002091.SZ,12.0665,0.901,20260202
20260203,002091.SZ,12.2359,0.9136,20260203
20260204,002091.SZ,12.377,0.9242,20260204
20260205,002091.SZ,12.2359,0.9136,20260205
20260206,002091.SZ,12.3629,0.9231,20260206
20260209,002091.SZ,12.4617,0.9305,20260209
20260210,002091.SZ,12.504,0.9337,20260210
20260211,002091.SZ,12.5887,0.94,20260211
20260212,002091.SZ,12.4193,0.9273,20260212
20260213,002091.SZ,12.2076,0.9115,20260213
20260224,002091.SZ,12.5181,0.9347,20260224
20260225,002091.SZ,12.8851,0.9621,20260225
20260226,002091.SZ,12.8286,0.9579,20260226
20260227,002091.SZ,12.8427,0.9589,20260227
20260302,002091.SZ,11.5205,0.9653,20260302
20260303,002091.SZ,11.2942,0.9463,20260303
20260304,002091.SZ,11.0049,0.9221,20260304
20260305,002091.SZ,11.1055,0.9305,20260305
20260306,002091.SZ,11.4702,0.9611,20260306
20260309,002091.SZ,11.357,0.9516,20260309
20260310,002091.SZ,11.4577,0.96,20260310
20260311,002091.SZ,11.7972,0.9885,20260311
20260312,002091.SZ,11.9356,1.0,20260312
20260313,002091.SZ,11.923,0.999,20260313
20260316,002091.SZ,11.8475,0.9927,20260316
20260317,002091.SZ,11.6715,0.9779,20260317
20260318,002091.SZ,11.6715,0.9779,20260318
20260319,002091.SZ,11.3445,0.9505,20260319
20260320,002091.SZ,11.3948,0.9547,20260320
20260323,002091.SZ,10.942,0.9168,20260323
20260324,002091.SZ,11.3822,0.9537,20260324
20260325,002091.SZ,11.5331,0.9663,20260325
20260326,002091.SZ,11.5331,0.9663,20260326
20260327,002091.SZ,11.7595,0.9853,20260327
20260330,002091.SZ,11.7469,0.9842,20260330
20260331,002091.SZ,11.4073,0.9558,20260331
20260401,002091.SZ,11.4828,0.9621,20260401
20260402,002091.SZ,11.3445,0.9505,20260402
20260403,002091.SZ,11.2564,0.9431,20260403
20260407,002091.SZ,11.2816,0.9452,20260407
20260408,002091.SZ,11.6463,0.9758,20260408
20260409,002091.SZ,11.4074,0.9558,20260409
20260410,002091.SZ,11.6715,0.9779,20260410
20260413,002091.SZ,11.6463,0.9758,20260413
20260414,002091.SZ,11.8224,0.9906,20260414
20260415,002091.SZ,11.7344,0.9832,20260415
20260416,002091.SZ,11.8476,0.9927,20260416
20260417,002091.SZ,11.7847,0.9874,20260417
20260420,002091.SZ,11.6463,0.9758,20260420
20260421,002091.SZ,11.9482,1.0011,20260421
20260422,002091.SZ,12.1494,1.018,20260422
20260423,002091.SZ,11.9733,1.0032,20260423
20260424,002091.SZ,12.0739,1.0116,20260424
20260427,002091.SZ,12.3659,1.0098,20260427
20260428,002091.SZ,12.0891,0.9872,20260428
20260429,002091.SZ,12.4162,1.0139,20260429
20260430,002091.SZ,11.5317,0.9101,20260430
20260506,002091.SZ,11.8023,0.9315,20260506
20260507,002091.SZ,11.4673,0.905,20260507
20260508,002091.SZ,12.614,0.9955,20260508
20260511,002091.SZ,12.2661,0.9681,20260511
20260512,002091.SZ,11.9182,0.9406,20260512
20260513,002091.SZ,11.9569,0.9437,20260513
20260514,002091.SZ,11.5317,0.9101,20260514
20260515,002091.SZ,11.5832,0.9142,20260515
20260518,002091.SZ,11.5446,0.9111,20260518
20260519,002091.SZ,11.6734,0.9213,20260519
20260520,002091.SZ,11.493,0.9071,20260520
