trade_date,ts_code,pe_ttm,pb
20210506,600970.SH,11.8787,1.3624
20210507,600970.SH,12.0431,1.3813
20210510,600970.SH,12.0979,1.3876
20210511,600970.SH,11.8924,1.364
20210512,600970.SH,11.865,1.3609
20210513,600970.SH,11.6184,1.3326
20210514,600970.SH,11.7691,1.3499
20210517,600970.SH,12.413,1.4237
20210518,600970.SH,12.4267,1.4253
20210519,600970.SH,12.4404,1.4269
20210520,600970.SH,12.1527,1.3939
20210521,600970.SH,12.1253,1.3907
20210524,600970.SH,12.002,1.3766
20210525,600970.SH,12.2623,1.4064
20210526,600970.SH,12.3445,1.4159
20210527,600970.SH,12.3993,1.4221
20210528,600970.SH,12.7693,1.4646
20210531,600970.SH,12.7556,1.463
20210601,600970.SH,13.3721,1.5337
20210602,600970.SH,13.6324,1.5636
20210603,600970.SH,13.6735,1.5683
20210604,600970.SH,13.3447,1.588
20210607,600970.SH,13.3036,1.5831
20210608,600970.SH,13.2762,1.5798
20210609,600970.SH,13.2488,1.5765
20210610,600970.SH,14.249,1.6956
20210611,600970.SH,14.0434,1.6711
20210615,600970.SH,13.605,1.6189
20210616,600970.SH,13.1118,1.5602
20210617,600970.SH,13.2214,1.5733
20210618,600970.SH,12.5774,1.4967
20210621,600970.SH,12.1938,1.451
20210622,600970.SH,12.3993,1.4755
20210623,600970.SH,12.4541,1.482
20210624,600970.SH,12.3856,1.4738
20210625,600970.SH,12.5226,1.4901
20210628,600970.SH,12.1664,1.4478
20210629,600970.SH,12.1938,1.451
20210630,600970.SH,12.5637,1.495
20210701,600970.SH,12.4815,1.4852
20210702,600970.SH,12.2897,1.4624
20210705,600970.SH,12.1938,1.451
20210706,600970.SH,12.5089,1.4885
20210707,600970.SH,12.55,1.4934
20210708,600970.SH,12.9474,1.5407
20210709,600970.SH,12.9337,1.5391
20210712,600970.SH,13.1392,1.5635
20210713,600970.SH,13.1392,1.5635
20210714,600970.SH,13.2899,1.5814
20210715,600970.SH,14.4271,1.7168
20210716,600970.SH,14.2353,1.6939
20210719,600970.SH,14.8244,1.764
20210720,600970.SH,15.345,1.826
20210721,600970.SH,15.3313,1.8244
20210722,600970.SH,15.6053,1.857
20210723,600970.SH,15.715,1.87
20210726,600970.SH,15.715,1.87
20210727,600970.SH,15.0984,1.7966
20210728,600970.SH,14.1942,1.689
20210729,600970.SH,15.0573,1.7918
20210730,600970.SH,14.5367,1.7298
20210802,600970.SH,14.797,1.7608
20210803,600970.SH,14.7011,1.7494
20210804,600970.SH,14.7285,1.7526
20210805,600970.SH,14.249,1.6956
20210806,600970.SH,14.5778,1.7347
20210809,600970.SH,14.6189,1.7396
20210810,600970.SH,14.4408,1.7184
20210811,600970.SH,15.0025,1.7852
20210812,600970.SH,14.9203,1.7755
20210813,600970.SH,14.9203,1.7755
20210816,600970.SH,14.5641,1.7331
20210817,600970.SH,14.4956,1.7249
20210819,600970.SH,14.0297,1.6695
20210820,600970.SH,15.2699,1.7704
20210823,600970.SH,16.7887,1.9465
20210824,600970.SH,16.965,1.9669
20210825,600970.SH,16.9921,1.9701
20210826,600970.SH,17.1277,1.9858
20210827,600970.SH,17.3583,2.0125
20210830,600970.SH,17.2769,2.0031
20210831,600970.SH,18.0092,2.088
20210901,600970.SH,17.2227,1.9968
20210902,600970.SH,18.3211,2.1242
20210903,600970.SH,17.9007,2.0754
20210906,600970.SH,17.8329,2.0676
20210907,600970.SH,18.6873,2.1666
20210908,600970.SH,18.3889,2.132
20210909,600970.SH,18.6873,2.1666
20210910,600970.SH,18.5381,2.1493
20210913,600970.SH,19.0534,2.2091
20210914,600970.SH,18.2669,2.1179
20210915,600970.SH,18.1991,2.11
20210916,600970.SH,17.521,2.0314
20210917,600970.SH,17.5617,2.0361
20210922,600970.SH,18.0092,2.088
20210923,600970.SH,17.4125,2.0188
20210924,600970.SH,16.9514,1.9654
20210927,600970.SH,16.5582,1.9198
20210928,600970.SH,16.409,1.9025
20210929,600970.SH,15.7309,1.8239
20210930,600970.SH,15.4597,1.7924
20211008,600970.SH,15.4055,1.7861
20211011,600970.SH,15.1749,1.7594
20211012,600970.SH,14.4426,1.6745
20211013,600970.SH,14.4833,1.6792
20211014,600970.SH,14.5104,1.6823
20211015,600970.SH,14.4019,1.6698
20211018,600970.SH,14.5782,1.6902
20211019,600970.SH,14.4969,1.6808
20211020,600970.SH,14.2799,1.6556
20211021,600970.SH,14.1307,1.6383
20211022,600970.SH,14.1307,1.6383
20211025,600970.SH,14.1443,1.6399
20211026,600970.SH,14.1172,1.6367
20211027,600970.SH,11.6477,1.3585
20211028,600970.SH,11.7272,1.3677
20211029,600970.SH,11.7953,1.3757
20211101,600970.SH,11.9089,1.3889
20211102,600970.SH,14.5958,1.413
20211103,600970.SH,15.0732,1.4592
20211104,600970.SH,14.8706,1.4396
20211105,600970.SH,14.7983,1.4326
20211108,600970.SH,15.7241,1.5222
20211109,600970.SH,16.2159,1.5698
20211110,600970.SH,16.1581,1.5642
20211111,600970.SH,16.0568,1.5544
20211112,600970.SH,16.3461,1.5824
20211115,600970.SH,16.5197,1.5992
20211116,600970.SH,16.5197,1.5992
20211117,600970.SH,16.2015,1.5684
20211118,600970.SH,16.0423,1.553
20211119,600970.SH,15.97,1.546
20211122,600970.SH,15.9411,1.5432
20211123,600970.SH,15.9845,1.5474
20211124,600970.SH,16.2449,1.5726
20211125,600970.SH,16.6436,1.6112
20211126,600970.SH,16.6581,1.6126
20211129,600970.SH,16.7016,1.6168
20211130,600970.SH,16.9481,1.6407
20211201,600970.SH,17.3975,1.6842
20211202,600970.SH,17.1366,1.6589
20211203,600970.SH,17.1076,1.6561
20211206,600970.SH,16.8031,1.6266
20211207,600970.SH,16.6291,1.6098
20211208,600970.SH,17.1366,1.6589
20211209,600970.SH,16.9626,1.6421
20211210,600970.SH,16.6291,1.6098
20211213,600970.SH,16.4262,1.5901
20211214,600970.SH,16.1507,1.5635
20211215,600970.SH,17.76,1.7193
20211216,600970.SH,17.47,1.6912
20211217,600970.SH,17.3685,1.6814
20211220,600970.SH,17.4845,1.6926
20211221,600970.SH,16.8466,1.6309
20211222,600970.SH,16.5712,1.6042
20211223,600970.SH,16.9336,1.6393
20211224,600970.SH,16.6871,1.6154
20211227,600970.SH,16.4842,1.5958
20211228,600970.SH,16.3247,1.5803
20211229,600970.SH,16.2812,1.5761
20211230,600970.SH,16.3537,1.5831
20211231,600970.SH,16.5712,1.6042
20220104,600970.SH,16.3102,1.5789
20220105,600970.SH,15.5563,1.5059
20220106,600970.SH,16.0782,1.5565
20220107,600970.SH,16.0492,1.5537
20220110,600970.SH,15.9912,1.548
20220111,600970.SH,15.7448,1.5242
20220112,600970.SH,15.6433,1.5144
20220113,600970.SH,15.3823,1.4891
20220114,600970.SH,15.0779,1.4596
20220117,600970.SH,15.1504,1.4666
20220118,600970.SH,15.4403,1.4947
20220119,600970.SH,15.4113,1.4919
20220120,600970.SH,15.3243,1.4835
20220121,600970.SH,15.2228,1.4737
20220124,600970.SH,15.3968,1.4905
20220125,600970.SH,14.7154,1.4245
20220126,600970.SH,14.8459,1.4372
20220127,600970.SH,14.7444,1.4273
20220128,600970.SH,14.7734,1.4302
20220207,600970.SH,15.1069,1.4624
20220208,600970.SH,15.3243,1.4835
20220209,600970.SH,15.3388,1.4849
20220210,600970.SH,15.4258,1.4933
20220211,600970.SH,15.1938,1.4709
20220214,600970.SH,15.1359,1.4652
20220215,600970.SH,15.1504,1.4666
20220216,600970.SH,15.5418,1.5045
20220217,600970.SH,15.1214,1.4638
20220218,600970.SH,15.1214,1.4638
20220221,600970.SH,15.3098,1.4821
20220222,600970.SH,15.0634,1.4582
20220223,600970.SH,15.1214,1.4638
20220224,600970.SH,14.5994,1.4133
20220225,600970.SH,14.6719,1.4203
20220228,600970.SH,14.5704,1.4105
20220301,600970.SH,14.7879,1.4316
20220302,600970.SH,14.7879,1.4316
20220303,600970.SH,14.8169,1.4344
20220304,600970.SH,14.5269,1.4063
20220307,600970.SH,14.5124,1.4049
20220308,600970.SH,13.773,1.3333
20220309,600970.SH,13.5991,1.3165
20220310,600970.SH,13.5846,1.3151
20220311,600970.SH,13.6716,1.3235
20220314,600970.SH,13.2801,1.2856
20220315,600970.SH,12.4392,1.2042
20220316,600970.SH,12.9177,1.2505
20220317,600970.SH,13.0481,1.2631
20220318,600970.SH,13.5556,1.3123
20220321,600970.SH,13.4396,1.301
20220322,600970.SH,13.4686,1.3038
20220323,600970.SH,11.6209,1.6139
20220324,600970.SH,11.5351,1.602
20220325,600970.SH,11.4615,1.5917
20220328,600970.SH,11.4615,1.5917
20220329,600970.SH,11.4247,1.5866
20220330,600970.SH,11.6576,1.619
20220331,600970.SH,11.7434,1.6309
20220401,600970.SH,11.8905,1.6513
20220406,600970.SH,11.9518,1.6598
20220407,600970.SH,11.768,1.6343
20220408,600970.SH,11.7925,1.6377
20220411,600970.SH,11.1918,1.5543
20220412,600970.SH,11.3634,1.5781
20220413,600970.SH,11.339,1.5419
20220414,600970.SH,11.2389,1.5282
20220415,600970.SH,11.0887,1.5078
20220418,600970.SH,10.8634,1.4772
20220419,600970.SH,10.8759,1.4789
20220420,600970.SH,10.5505,1.4346
20220421,600970.SH,9.9998,1.3598
20220422,600970.SH,10.15,1.3802
20220425,600970.SH,9.2865,1.2628
20220426,600970.SH,9.3866,1.2764
20220427,600970.SH,8.743,1.2597
20220428,600970.SH,8.6974,1.2531
20220429,600970.SH,8.9026,1.2826
20220505,600970.SH,9.2788,1.3368
20220506,600970.SH,9.0052,1.2974
20220509,600970.SH,9.1648,1.3204
20220510,600970.SH,9.4269,1.3582
20220511,600970.SH,9.2902,1.3385
20220512,600970.SH,9.4156,1.3565
20220513,600970.SH,9.4042,1.3549
20220516,600970.SH,9.4042,1.3549
20220517,600970.SH,9.3586,1.3483
20220518,600970.SH,9.3016,1.3401
20220519,600970.SH,9.3928,1.3533
20220520,600970.SH,9.5295,1.373
20220523,600970.SH,9.4269,1.3582
20220524,600970.SH,9.0052,1.2974
20220525,600970.SH,9.5067,1.3697
20220526,600970.SH,9.5523,1.3763
20220527,600970.SH,9.6777,1.3943
20220530,600970.SH,9.6777,1.3943
20220531,600970.SH,9.7461,1.4042
20220601,600970.SH,9.5637,1.3779
20220602,600970.SH,9.3358,1.3979
20220606,600970.SH,9.6663,1.4473
20220607,600970.SH,10.6352,1.5924
20220608,600970.SH,10.2021,1.5276
20220609,600970.SH,10.1679,1.5224
20220610,600970.SH,10.1907,1.5259
20220613,600970.SH,10.0083,1.4986
20220614,600970.SH,10.0083,1.4986
20220615,600970.SH,10.0653,1.5071
20220616,600970.SH,9.9171,1.4849
20220617,600970.SH,10.1793,1.5242
20220620,600970.SH,11.1938,1.6761
20220621,600970.SH,10.5554,1.5805
20220622,600970.SH,10.4985,1.5719
20220623,600970.SH,10.5327,1.5771
20220624,600970.SH,10.6808,1.5993
20220627,600970.SH,10.943,1.6385
20220628,600970.SH,11.2508,1.6846
20220629,600970.SH,10.9886,1.6453
20220630,600970.SH,11.0456,1.6539
20220701,600970.SH,10.9202,1.6351
20220704,600970.SH,10.9202,1.6351
20220705,600970.SH,10.943,1.6385
20220706,600970.SH,10.715,1.6044
20220707,600970.SH,11.0342,1.6522
20220708,600970.SH,11.2052,1.6778
20220711,600970.SH,11.3648,1.7017
20220712,600970.SH,11.1368,1.6675
20220713,600970.SH,11.2052,1.6778
20220714,600970.SH,11.171,1.6726
20220715,600970.SH,11.1938,1.6761
20220718,600970.SH,11.0798,1.659
20220719,600970.SH,11.2736,1.688
20220720,600970.SH,11.1938,1.6761
20220721,600970.SH,11.114,1.6641
20220722,600970.SH,11.228,1.6812
20220725,600970.SH,11.0114,1.6487
20220726,600970.SH,11.2508,1.6846
20220727,600970.SH,11.399,1.7068
20220728,600970.SH,11.2394,1.6829
20220729,600970.SH,11.228,1.6812
20220801,600970.SH,11.1026,1.6624
20220802,600970.SH,10.6466,1.5941
20220803,600970.SH,10.6352,1.5924
20220804,600970.SH,10.7492,1.6095
20220805,600970.SH,10.8062,1.618
20220808,600970.SH,10.6808,1.5993
20220809,600970.SH,11.0456,1.6539
20220810,600970.SH,11.5928,1.7358
20220811,600970.SH,11.9689,1.7921
20220812,600970.SH,12.1057,1.8126
20220829,600970.SH,10.711,1.699
20220830,600970.SH,10.5537,1.674
20220831,600970.SH,10.3229,1.6374
20220901,600970.SH,10.0711,1.5975
20220902,600970.SH,9.7354,1.5442
20220905,600970.SH,9.7669,1.5492
20220906,600970.SH,9.7984,1.5542
20220907,600970.SH,9.7249,1.5425
20220908,600970.SH,9.6095,1.5242
20220909,600970.SH,10.5747,1.6773
20220913,600970.SH,10.4488,1.6574
20220914,600970.SH,10.0501,1.5941
20220915,600970.SH,9.4941,1.5059
20220916,600970.SH,9.0325,1.4327
20220919,600970.SH,9.3053,1.476
20220920,600970.SH,9.4312,1.4959
20220921,600970.SH,9.8613,1.5642
20220922,600970.SH,9.5676,1.5176
20220923,600970.SH,9.599,1.5226
20220926,600970.SH,9.3892,1.4893
20220927,600970.SH,9.3053,1.476
20220928,600970.SH,8.9591,1.4211
20220929,600970.SH,8.7598,1.3894
20220930,600970.SH,8.6129,1.3662
20221010,600970.SH,8.6024,1.3645
20221011,600970.SH,8.5395,1.3545
20221012,600970.SH,8.8857,1.4094
20221013,600970.SH,8.7493,1.3878
20221014,600970.SH,8.8857,1.4094
20221017,600970.SH,9.0115,1.4294
20221018,600970.SH,9.2528,1.4677
20221019,600970.SH,9.2109,1.461
20221020,600970.SH,9.0955,1.4427
20221021,600970.SH,9.2109,1.461
20221024,600970.SH,9.0535,1.436
20221025,600970.SH,9.0325,1.4327
20221026,600970.SH,9.2319,1.4643
20221027,600970.SH,10.3999,1.4334
20221028,600970.SH,9.8537,1.3582
20221031,600970.SH,9.9351,1.3694
20221101,600970.SH,10.4231,1.4367
20221102,600970.SH,10.4812,1.4447
20221103,600970.SH,10.3882,1.4318
20221104,600970.SH,10.7485,1.4815
20221107,600970.SH,10.6671,1.4703
20221108,600970.SH,10.6671,1.4703
20221109,600970.SH,10.5277,1.4511
20221110,600970.SH,10.4115,1.4351
20221111,600970.SH,10.5277,1.4511
20221114,600970.SH,10.4115,1.4351
20221115,600970.SH,10.7485,1.4815
20221116,600970.SH,10.7136,1.4767
20221117,600970.SH,10.609,1.4623
20221118,600970.SH,10.5742,1.4575
20221121,600970.SH,10.8414,1.4943
20221122,600970.SH,11.0273,1.5199
20221123,600970.SH,11.1087,1.5311
20221124,600970.SH,11.0041,1.5167
20221125,600970.SH,10.9692,1.5119
20221128,600970.SH,10.8879,1.5007
20221129,600970.SH,10.9925,1.5151
20221130,600970.SH,10.853,1.4959
20221201,600970.SH,10.853,1.4959
20221202,600970.SH,11.039,1.5215
20221205,600970.SH,11.434,1.576
20221206,600970.SH,11.2365,1.5488
20221207,600970.SH,11.0157,1.5183
20221208,600970.SH,11.0854,1.5279
20221209,600970.SH,10.9692,1.5119
20221212,600970.SH,10.5509,1.4543
20221213,600970.SH,10.6323,1.4655
20221214,600970.SH,10.6323,1.4655
20221215,600970.SH,10.7601,1.4831
20221216,600970.SH,10.7717,1.4847
20221219,600970.SH,10.3185,1.4222
20221220,600970.SH,10.3185,1.4222
20221221,600970.SH,10.2488,1.4126
20221222,600970.SH,10.0745,1.3886
20221223,600970.SH,10.028,1.3822
20221226,600970.SH,10.1442,1.3982
20221227,600970.SH,10.1442,1.3982
20221228,600970.SH,9.9932,1.3774
20221229,600970.SH,9.9118,1.3662
20221230,600970.SH,9.9002,1.3646
20230103,600970.SH,10.028,1.3822
20230104,600970.SH,9.9815,1.3758
20230105,600970.SH,9.9932,1.3774
20230106,600970.SH,10.1675,1.4014
20230109,600970.SH,10.2139,1.4078
20230110,600970.SH,10.6206,1.4639
20230111,600970.SH,10.8298,1.4927
20230113,600970.SH,10.458,1.4415
20230116,600970.SH,10.5277,1.4511
20230117,600970.SH,10.4463,1.4399
20230118,600970.SH,10.4115,1.4351
20230119,600970.SH,10.3999,1.4334
20230120,600970.SH,10.5858,1.4591
20230130,600970.SH,10.5625,1.4559
20230131,600970.SH,10.6323,1.4655
20230201,600970.SH,11.0157,1.5183
20230202,600970.SH,11.1087,1.5311
20230203,600970.SH,10.853,1.4959
20230206,600970.SH,10.7601,1.4831
20230207,600970.SH,10.8647,1.4975
20230208,600970.SH,10.8414,1.4943
20230209,600970.SH,10.8182,1.4911
20230210,600970.SH,10.7717,1.4847
20230213,600970.SH,11.039,1.5215
20230214,600970.SH,11.0157,1.5183
20230215,600970.SH,11.0157,1.5183
20230216,600970.SH,10.7949,1.4879
20230217,600970.SH,10.6787,1.4719
20230220,600970.SH,10.9692,1.5119
20230221,600970.SH,11.1203,1.5327
20230222,600970.SH,11.0854,1.5279
20230223,600970.SH,10.9809,1.5135
20230224,600970.SH,10.8763,1.4991
20230227,600970.SH,10.8298,1.4927
20230228,600970.SH,10.9111,1.5039
20230301,600970.SH,11.1784,1.5408
20230302,600970.SH,13.2856,1.502
20230303,600970.SH,13.5286,1.5295
20230306,600970.SH,13.6906,1.5478
20230307,600970.SH,13.5691,1.5341
20230308,600970.SH,13.7851,1.5585
20230309,600970.SH,13.9607,1.5783
20230310,600970.SH,13.7581,1.5554
20230313,600970.SH,14.8518,1.6791
20230314,600970.SH,14.6222,1.6531
20230315,600970.SH,15.2163,1.7203
20230316,600970.SH,15.2163,1.7203
20230317,600970.SH,15.4323,1.7447
20230320,600970.SH,15.2163,1.7203
20230321,600970.SH,15.1488,1.7127
20230322,600970.SH,13.8101,1.7161
20230323,600970.SH,14.518,1.8041
20230324,600970.SH,14.086,1.7504
20230327,600970.SH,13.6661,1.6982
20230328,600970.SH,13.5221,1.6803
20230329,600970.SH,13.4261,1.6684
20230330,600970.SH,13.5581,1.6848
20230331,600970.SH,13.4141,1.6669
20230403,600970.SH,13.6061,1.6907
20230404,600970.SH,14.566,1.81
20230406,600970.SH,14.8179,1.8413
20230407,600970.SH,14.638,1.819
20230410,600970.SH,15.0459,1.8697
20230411,600970.SH,15.5738,1.9353
20230412,600970.SH,15.5716,1.9288
20230413,600970.SH,15.6078,1.9333
20230414,600970.SH,15.9329,1.9736
20230417,600970.SH,16.8602,2.0885
20230418,600970.SH,17.1613,2.1258
20230419,600970.SH,16.5592,2.0512
20230420,600970.SH,17.1131,2.1198
20230421,600970.SH,16.7518,2.075
20230424,600970.SH,16.7037,2.0691
20230425,600970.SH,16.3905,2.0303
20230426,600970.SH,15.0118,1.9892
20230427,600970.SH,15.3177,2.0297
20230428,600970.SH,16.3374,2.1648
20230504,600970.SH,16.6659,2.2084
20230505,600970.SH,16.0201,2.1228
20230508,600970.SH,15.8502,2.1003
20230509,600970.SH,14.6153,1.9366
20230510,600970.SH,14.6946,1.9471
20230511,600970.SH,14.6606,1.9426
20230512,600970.SH,14.3773,1.9051
20230515,600970.SH,14.468,1.9171
20230516,600970.SH,14.5699,1.9306
20230517,600970.SH,14.5699,1.9306
20230518,600970.SH,14.7965,1.9606
20230519,600970.SH,14.6266,1.9381
20230522,600970.SH,14.3094,1.8961
20230523,600970.SH,14.0148,1.8571
20230524,600970.SH,13.7995,1.8285
20230525,600970.SH,13.6862,1.8135
20230526,600970.SH,14.0941,1.8676
20230529,600970.SH,14.2867,1.8931
20230530,600970.SH,14.9325,1.9787
20230531,600970.SH,15.0684,1.9967
20230601,600970.SH,14.23,1.8856
20230602,600970.SH,14.1961,1.8811
20230605,600970.SH,13.9468,1.9352
20230606,600970.SH,13.5389,1.8786
20230607,600970.SH,13.6976,1.9006
20230608,600970.SH,13.9241,1.9321
20230609,600970.SH,13.7882,1.9132
20230612,600970.SH,13.5276,1.877
20230613,600970.SH,13.3917,1.8582
20230614,600970.SH,13.9355,1.9336
20230615,600970.SH,14.0714,1.9525
20230616,600970.SH,14.8645,2.0626
20230619,600970.SH,14.2754,1.9808
20230620,600970.SH,14.0601,1.9509
20230621,600970.SH,14.0374,1.9478
20230626,600970.SH,13.7429,1.9069
20230627,600970.SH,14.6492,2.0327
20230628,600970.SH,14.332,1.9887
20230629,600970.SH,14.4566,2.006
20230630,600970.SH,14.4453,2.0044
20230703,600970.SH,14.9212,2.0704
20230704,600970.SH,14.502,2.0122
20230705,600970.SH,14.5246,2.0154
20230706,600970.SH,14.3773,1.995
20230707,600970.SH,14.23,1.9745
20230710,600970.SH,14.5699,2.0217
20230711,600970.SH,14.6039,2.0264
20230712,600970.SH,14.1507,1.9635
20230713,600970.SH,14.0828,1.9541
20230714,600970.SH,14.0148,1.9446
20230717,600970.SH,14.264,1.9792
20230718,600970.SH,14.2754,1.9808
20230719,600970.SH,14.502,2.0122
20230720,600970.SH,14.1394,1.9619
20230721,600970.SH,13.9808,1.9399
20230724,600970.SH,14.2074,1.9714
20230725,600970.SH,15.1591,2.1034
20230726,600970.SH,15.0571,2.0893
20230727,600970.SH,14.7059,2.0405
20230728,600970.SH,14.8418,2.0594
20230731,600970.SH,15.2724,2.1191
20230801,600970.SH,15.7369,2.1836
20230802,600970.SH,15.6009,2.1647
20230803,600970.SH,15.6576,2.1726
20230804,600970.SH,15.7029,2.1789
20230807,600970.SH,15.295,2.1223
20230808,600970.SH,15.261,2.1176
20230809,600970.SH,15.1931,2.1081
20230810,600970.SH,15.1704,2.105
20230811,600970.SH,14.9325,2.072
20230814,600970.SH,15.4536,2.1443
20230815,600970.SH,15.499,2.1506
20230816,600970.SH,15.0684,2.0908
20230817,600970.SH,15.2157,2.1113
20230818,600970.SH,14.1281,1.9604
20230821,600970.SH,14.0035,1.9431
20230822,600970.SH,14.0035,1.9431
20230823,600970.SH,13.369,1.855
20230824,600970.SH,12.4286,1.7246
20230825,600970.SH,11.7818,1.6902
20230828,600970.SH,11.6766,1.6751
20230829,600970.SH,12.1605,1.7445
20230830,600970.SH,12.2236,1.7536
20230831,600970.SH,12.3603,1.7732
20230901,600970.SH,12.3498,1.7717
20230904,600970.SH,12.4866,1.7913
20230905,600970.SH,12.1815,1.7475
20230906,600970.SH,12.0763,1.7324
20230907,600970.SH,11.8133,1.6947
20230908,600970.SH,11.9711,1.7174
20230911,600970.SH,11.929,1.7113
20230912,600970.SH,11.9606,1.7158
20230913,600970.SH,11.887,1.7053
20230914,600970.SH,11.8764,1.7038
20230915,600970.SH,11.6766,1.6751
20230918,600970.SH,11.7607,1.6872
20230919,600970.SH,11.8133,1.6947
20230920,600970.SH,11.7292,1.6826
20230921,600970.SH,11.5293,1.654
20230922,600970.SH,11.7712,1.6887
20230925,600970.SH,11.6555,1.6721
20230926,600970.SH,11.7292,1.6826
20230927,600970.SH,11.9185,1.7098
20230928,600970.SH,11.8659,1.7023
20231009,600970.SH,11.7397,1.6842
20231010,600970.SH,10.5615,1.5151
20231011,600970.SH,10.8245,1.5529
20231012,600970.SH,11.1296,1.5966
20231013,600970.SH,11.0033,1.5785
20231016,600970.SH,10.8771,1.5604
20231017,600970.SH,11.119,1.5951
20231018,600970.SH,11.077,1.5891
20231019,600970.SH,10.9192,1.5664
20231020,600970.SH,10.9402,1.5695
20231023,600970.SH,10.309,1.4789
20231024,600970.SH,10.5299,1.5106
20231025,600970.SH,10.551,1.5136
20231026,600970.SH,10.0895,1.463
20231027,600970.SH,10.1899,1.4776
20231030,600970.SH,9.9992,1.4499
20231031,600970.SH,9.9189,1.4383
20231101,600970.SH,9.9189,1.4383
20231102,600970.SH,9.7984,1.4208
20231103,600970.SH,9.9289,1.4398
20231106,600970.SH,10.0092,1.4514
20231107,600970.SH,9.9088,1.4368
20231108,600970.SH,9.9791,1.447
20231109,600970.SH,9.9088,1.4368
20231110,600970.SH,9.7582,1.415
20231113,600970.SH,9.7783,1.4179
20231114,600970.SH,9.7683,1.4165
20231115,600970.SH,9.7482,1.4136
20231116,600970.SH,9.5876,1.3903
20231117,600970.SH,9.7783,1.4179
20231120,600970.SH,9.7683,1.4165
20231121,600970.SH,9.7783,1.4179
20231122,600970.SH,9.6378,1.3975
20231123,600970.SH,9.708,1.4077
20231124,600970.SH,9.5574,1.3859
20231127,600970.SH,9.4771,1.3742
20231128,600970.SH,9.4972,1.3772
20231129,600970.SH,9.3667,1.3582
20231130,600970.SH,9.4069,1.3641
20231201,600970.SH,9.4872,1.3757
20231204,600970.SH,9.447,1.3699
20231205,600970.SH,9.5374,1.383
20231206,600970.SH,9.6478,1.399
20231207,600970.SH,9.3667,1.3582
20231208,600970.SH,9.2763,1.3451
20231211,600970.SH,9.5273,1.3815
20231212,600970.SH,9.6277,1.3961
20231213,600970.SH,9.3667,1.3582
20231214,600970.SH,9.3265,1.3524
20231215,600970.SH,9.2663,1.3437
20231218,600970.SH,9.1458,1.3262
20231219,600970.SH,9.0756,1.316
20231220,600970.SH,8.9952,1.3044
20231221,600970.SH,9.0756,1.316
20231222,600970.SH,9.0454,1.3116
20231225,600970.SH,8.9952,1.3044
20231226,600970.SH,8.935,1.2956
20231227,600970.SH,8.9952,1.3044
20231228,600970.SH,9.2663,1.3437
20231229,600970.SH,9.3767,1.3597
20240102,600970.SH,9.5675,1.3873
20240103,600970.SH,9.7181,1.4092
20240104,600970.SH,9.9791,1.447
20240105,600970.SH,9.9691,1.4456
20240108,600970.SH,9.9189,1.4383
20240109,600970.SH,9.8687,1.431
20240110,600970.SH,9.9791,1.447
20240111,600970.SH,9.9088,1.4368
20240112,600970.SH,9.9389,1.4412
20240115,600970.SH,10.1397,1.4703
20240116,600970.SH,10.1698,1.4747
20240117,600970.SH,10.0193,1.4529
20240118,600970.SH,10.1197,1.4674
20240119,600970.SH,9.949,1.4427
20240122,600970.SH,9.7281,1.4106
20240123,600970.SH,9.7683,1.4165
20240124,600970.SH,10.5212,1.5256
20240125,600970.SH,11.3445,1.645
20240126,600970.SH,10.973,1.5912
20240129,600970.SH,11.1738,1.6203
20240130,600970.SH,11.1035,1.6101
20240131,600970.SH,11.1437,1.6159
20240201,600970.SH,10.5011,1.5227
20240202,600970.SH,10.4811,1.5198
20240205,600970.SH,10.4409,1.514
20240206,600970.SH,10.9027,1.581
20240207,600970.SH,11.3946,1.6523
20240208,600970.SH,11.2943,1.6377
20240219,600970.SH,11.2139,1.6261
20240220,600970.SH,11.5553,1.6756
20240221,600970.SH,11.3645,1.6479
20240222,600970.SH,11.3746,1.6494
20240223,600970.SH,11.3244,1.6421
20240226,600970.SH,11.0132,1.597
20240227,600970.SH,11.1537,1.6174
20240228,600970.SH,11.0734,1.6057
20240229,600970.SH,11.2742,1.6348
20240301,600970.SH,11.3846,1.6508
20240304,600970.SH,11.4047,1.6538
20240305,600970.SH,11.8765,1.7222
20240306,600970.SH,11.736,1.7018
20240307,600970.SH,11.5452,1.6741
20240308,600970.SH,11.736,1.7018
20240311,600970.SH,11.4448,1.6596
20240312,600970.SH,11.1939,1.6232
20240313,600970.SH,11.0834,1.6072
20240314,600970.SH,11.1336,1.6144
20240315,600970.SH,11.0834,1.6072
20240318,600970.SH,11.4248,1.6567
20240319,600970.SH,11.1738,1.6203
20240320,600970.SH,11.1035,1.6101
20240321,600970.SH,10.983,1.5926
20240322,600970.SH,10.6919,1.5504
20240325,600970.SH,10.8425,1.5722
20240326,600970.SH,10.9328,1.5853
20240327,600970.SH,10.1404,1.5484
20240328,600970.SH,10.2854,1.5706
20240329,600970.SH,10.1857,1.5553
20240401,600970.SH,10.6026,1.619
20240402,600970.SH,10.6026,1.619
20240403,600970.SH,10.5754,1.6148
20240408,600970.SH,10.5935,1.6176
20240409,600970.SH,10.5573,1.6121
20240410,600970.SH,10.5845,1.6162
20240411,600970.SH,10.7023,1.6342
20240412,600970.SH,10.5573,1.6121
20240415,600970.SH,11.2732,1.7214
20240416,600970.SH,11.1463,1.702
20240417,600970.SH,11.5722,1.767
20240418,600970.SH,11.6628,1.7809
20240419,600970.SH,11.7806,1.7989
20240422,600970.SH,11.681,1.7837
20240423,600970.SH,11.3366,1.7311
20240424,600970.SH,11.3638,1.7352
20240425,600970.SH,11.255,1.7186
20240426,600970.SH,11.4725,1.7518
20240429,600970.SH,11.2721,1.6783
20240430,600970.SH,11.4252,1.7011
20240506,600970.SH,11.3442,1.6891
20240507,600970.SH,11.4869,1.7105
20240508,600970.SH,11.3519,1.6904
20240509,600970.SH,11.5229,1.7158
20240510,600970.SH,11.64,1.7333
20240513,600970.SH,12.0271,1.7909
20240514,600970.SH,12.0451,1.7936
20240515,600970.SH,11.748,1.7493
20240516,600970.SH,11.73,1.7467
20240517,600970.SH,11.838,1.7627
20240520,600970.SH,11.64,1.7333
20240521,600970.SH,11.703,1.7426
20240522,600970.SH,11.4779,1.7091
20240523,600970.SH,11.4599,1.7064
20240524,600970.SH,11.4059,1.6984
20240527,600970.SH,11.568,1.7225
20240528,600970.SH,11.2799,1.6796
20240529,600970.SH,11.4149,1.6997
20240530,600970.SH,11.5139,1.7145
20240531,600970.SH,11.4509,1.7051
20240603,600970.SH,11.3969,1.6971
20240604,600970.SH,11.757,1.7507
20240605,600970.SH,11.1719,1.7578
20240606,600970.SH,11.1989,1.7621
20240607,600970.SH,11.1719,1.7578
20240611,600970.SH,10.9468,1.7224
20240612,600970.SH,11.1539,1.755
20240613,600970.SH,11.1448,1.7536
20240614,600970.SH,11.2169,1.7649
20240617,600970.SH,10.9288,1.7196
20240618,600970.SH,10.9558,1.7238
20240619,600970.SH,10.8118,1.7011
20240620,600970.SH,10.8478,1.7068
20240621,600970.SH,10.9288,1.7196
20240624,600970.SH,10.8028,1.6997
20240625,600970.SH,10.7487,1.6912
20240626,600970.SH,10.7668,1.6941
20240627,600970.SH,10.6587,1.6771
20240628,600970.SH,10.8568,1.7082
20240701,600970.SH,10.8658,1.7096
20240702,600970.SH,10.6857,1.6813
20240703,600970.SH,10.3977,1.636
20240704,600970.SH,10.3977,1.636
20240705,600970.SH,10.5597,1.6615
20240708,600970.SH,10.3887,1.6346
20240709,600970.SH,9.3624,1.4731
20240710,600970.SH,9.2274,1.4519
20240711,600970.SH,9.2634,1.4575
20240712,600970.SH,9.0923,1.4306
20240715,600970.SH,9.4524,1.4873
20240716,600970.SH,9.2274,1.4519
20240717,600970.SH,9.0203,1.4193
20240718,600970.SH,9.2364,1.4533
20240719,600970.SH,9.1373,1.4377
20240722,600970.SH,9.0473,1.4235
20240723,600970.SH,8.7412,1.3754
20240724,600970.SH,8.6332,1.3584
20240725,600970.SH,8.5612,1.347
20240726,600970.SH,8.5972,1.3527
20240729,600970.SH,8.8943,1.3994
20240730,600970.SH,9.0833,1.4292
20240731,600970.SH,9.1823,1.4448
20240801,600970.SH,9.2454,1.4547
20240802,600970.SH,9.0833,1.4292
20240805,600970.SH,9.0563,1.4249
20240806,600970.SH,9.0383,1.4221
20240807,600970.SH,8.9843,1.4136
20240808,600970.SH,9.0743,1.4278
20240809,600970.SH,9.1914,1.4462
20240812,600970.SH,9.1733,1.4434
20240813,600970.SH,9.1193,1.4349
20240814,600970.SH,8.9663,1.4108
20240815,600970.SH,8.9933,1.415
20240816,600970.SH,8.8043,1.3853
20240819,600970.SH,8.9393,1.4065
20240820,600970.SH,8.6872,1.3669
20240821,600970.SH,8.5792,1.3499
20240822,600970.SH,8.6152,1.3555
20240823,600970.SH,8.5972,1.3527
20240826,600970.SH,8.7322,1.3144
20240827,600970.SH,8.6067,1.2955
20240828,600970.SH,8.3646,1.2591
20240829,600970.SH,8.3019,1.2497
20240830,600970.SH,8.4184,1.2672
20240902,600970.SH,8.2839,1.247
20240903,600970.SH,8.2122,1.2362
20240904,600970.SH,8.2301,1.2389
20240905,600970.SH,8.4812,1.2767
20240906,600970.SH,8.3198,1.2524
20240909,600970.SH,8.2033,1.2348
20240910,600970.SH,8.1495,1.2267
20240911,600970.SH,8.1495,1.2267
20240912,600970.SH,8.0329,1.2092
20240913,600970.SH,7.764,1.1687
20240918,600970.SH,7.8895,1.1876
20240919,600970.SH,8.006,1.2051
20240920,600970.SH,7.8267,1.1781
20240923,600970.SH,7.9702,1.1997
20240924,600970.SH,8.3288,1.2537
20240925,600970.SH,8.4005,1.2645
20240926,600970.SH,8.8667,1.3347
20240927,600970.SH,9.5929,1.444
20240930,600970.SH,10.3101,1.552
20241008,600970.SH,10.1308,1.525
20241009,600970.SH,9.6108,1.4467
20241010,600970.SH,10.0591,1.5142
20241011,600970.SH,9.6018,1.4453
20241014,600970.SH,9.7542,1.4683
20241015,600970.SH,9.4405,1.4211
20241016,600970.SH,9.4674,1.4251
20241017,600970.SH,9.2432,1.3914
20241018,600970.SH,9.5122,1.4318
20241021,600970.SH,9.4853,1.4278
20241022,600970.SH,9.5032,1.4305
20241023,600970.SH,9.4674,1.4251
20241024,600970.SH,9.1805,1.3819
20241025,600970.SH,9.2343,1.39
20241028,600970.SH,9.1153,1.3382
20241029,600970.SH,9.0265,1.3252
20241030,600970.SH,9.1064,1.3369
20241031,600970.SH,9.1775,1.3474
20241101,600970.SH,9.2664,1.3604
20241104,600970.SH,9.3907,1.3787
20241105,600970.SH,9.4618,1.3891
20241106,600970.SH,9.7372,1.4295
20241107,600970.SH,10.1104,1.4843
20241108,600970.SH,9.8438,1.4452
20241111,600970.SH,9.7283,1.4282
20241112,600970.SH,9.6306,1.4139
20241113,600970.SH,9.7106,1.4256
20241114,600970.SH,9.6661,1.4191
20241115,600970.SH,9.6484,1.4165
20241118,600970.SH,9.6395,1.4152
20241119,600970.SH,9.4174,1.3826
20241120,600970.SH,9.4885,1.393
20241121,600970.SH,9.5151,1.3969
20241122,600970.SH,9.2486,1.3578
20241125,600970.SH,9.1153,1.3382
20241126,600970.SH,9.0531,1.3291
20241127,600970.SH,9.1153,1.3382
20241128,600970.SH,9.1686,1.3461
20241129,600970.SH,9.2664,1.3604
20241202,600970.SH,9.3463,1.3721
20241203,600970.SH,9.4796,1.3917
20241204,600970.SH,9.2575,1.3591
20241205,600970.SH,9.2042,1.3513
20241206,600970.SH,9.3197,1.3682
20241209,600970.SH,9.1331,1.3408
20241210,600970.SH,9.213,1.3526
20241211,600970.SH,9.2575,1.3591
20241212,600970.SH,9.2219,1.3539
20241213,600970.SH,9.0887,1.3343
20241216,600970.SH,8.7244,1.2808
20241217,600970.SH,8.5734,1.2587
20241218,600970.SH,8.7333,1.2821
20241219,600970.SH,8.7155,1.2795
20241220,600970.SH,8.6089,1.2639
20241223,600970.SH,8.6,1.2626
20241224,600970.SH,8.6356,1.2678
20241225,600970.SH,8.7333,1.2821
20241226,600970.SH,8.5911,1.2613
20241227,600970.SH,8.6178,1.2652
20241230,600970.SH,8.5645,1.2574
20241231,600970.SH,8.4223,1.2365
20250102,600970.SH,8.218,1.2065
20250103,600970.SH,8.2891,1.2169
20250106,600970.SH,8.3424,1.2248
20250107,600970.SH,8.3246,1.2221
20250108,600970.SH,8.138,1.1948
20250109,600970.SH,8.0759,1.1856
20250110,600970.SH,8.0403,1.1804
20250113,600970.SH,8.0581,1.183
20250114,600970.SH,8.2269,1.2078
20250115,600970.SH,8.2002,1.2039
20250116,600970.SH,8.1558,1.1974
20250117,600970.SH,8.2447,1.2104
20250120,600970.SH,8.2713,1.2143
20250121,600970.SH,8.2091,1.2052
20250122,600970.SH,8.1914,1.2026
20250123,600970.SH,8.2269,1.2078
20250124,600970.SH,8.4135,1.2352
20250127,600970.SH,8.4934,1.2469
20250205,600970.SH,8.2535,1.2117
20250206,600970.SH,8.2358,1.2091
20250207,600970.SH,8.3335,1.2235
20250210,600970.SH,8.3068,1.2195
20250211,600970.SH,8.298,1.2182
20250212,600970.SH,8.3335,1.2235
20250213,600970.SH,8.3068,1.2195
20250214,600970.SH,8.3068,1.2195
20250217,600970.SH,8.1825,1.2013
20250218,600970.SH,8.0847,1.1869
20250219,600970.SH,8.6978,1.2769
20250220,600970.SH,8.449,1.2404
20250221,600970.SH,8.4223,1.2365
20250224,600970.SH,8.8843,1.3043
20250225,600970.SH,8.7066,1.2782
20250226,600970.SH,8.7777,1.2887
20250227,600970.SH,8.6089,1.2639
20250228,600970.SH,8.4668,1.243
20250303,600970.SH,8.5467,1.2548
20250304,600970.SH,8.4579,1.2417
20250305,600970.SH,8.831,1.2965
20250306,600970.SH,8.7688,1.2874
20250307,600970.SH,8.6267,1.2665
20250310,600970.SH,8.6267,1.2665
20250311,600970.SH,8.6089,1.2639
20250312,600970.SH,8.5911,1.2613
20250313,600970.SH,8.5467,1.2548
20250314,600970.SH,8.7066,1.2782
20250317,600970.SH,8.7155,1.2795
20250318,600970.SH,8.7511,1.2848
20250319,600970.SH,8.8932,1.3056
20250320,600970.SH,8.8044,1.2926
20250321,600970.SH,8.831,1.2965
20250324,600970.SH,8.8577,1.3004
20250325,600970.SH,8.9465,1.3135
20250326,600970.SH,8.8123,1.245
20250327,600970.SH,8.644,1.2212
20250328,600970.SH,8.644,1.2212
20250331,600970.SH,8.4846,1.1987
20250401,600970.SH,8.5112,1.2024
20250402,600970.SH,8.5023,1.2012
20250403,600970.SH,8.4049,1.1874
20250407,600970.SH,7.5635,1.0685
20250408,600970.SH,7.7141,1.0898
20250409,600970.SH,8.1569,1.1524
20250410,600970.SH,8.272,1.1686
20250411,600970.SH,8.3695,1.1824
20250414,600970.SH,8.334,1.1774
20250415,600970.SH,8.2986,1.1724
20250416,600970.SH,8.2012,1.1586
20250417,600970.SH,8.1658,1.1536
20250418,600970.SH,8.21,1.1599
20250421,600970.SH,8.21,1.1599
20250422,600970.SH,8.1923,1.1574
20250423,600970.SH,8.3606,1.1812
20250424,600970.SH,8.1285,1.1229
20250425,600970.SH,8.0495,1.112
20250428,600970.SH,7.9266,1.095
20250429,600970.SH,7.9529,1.0986
20250430,600970.SH,8.0407,1.1107
20250506,600970.SH,8.1811,1.1302
20250507,600970.SH,8.1811,1.1302
20250508,600970.SH,8.1723,1.1289
20250509,600970.SH,8.1285,1.1229
20250512,600970.SH,8.1987,1.1326
20250513,600970.SH,8.2777,1.1435
20250514,600970.SH,8.3303,1.1508
20250515,600970.SH,8.2426,1.1386
20250516,600970.SH,8.1548,1.1265
20250519,600970.SH,8.1396,1.125
20250520,600970.SH,8.166,1.1286
20250521,600970.SH,8.2274,1.1371
20250522,600970.SH,8.087,1.1177
20250523,600970.SH,8.0081,1.1068
20250526,600970.SH,7.9818,1.1031
20250527,600970.SH,7.8765,1.0886
20250528,600970.SH,7.9379,1.0971
20250529,600970.SH,8.0081,1.1068
20250530,600970.SH,7.9116,1.0934
20250603,600970.SH,7.9204,1.0947
20250604,600970.SH,7.9028,1.0922
20250605,600970.SH,7.9905,1.1043
20250606,600970.SH,8.0432,1.1116
20250609,600970.SH,8.0344,1.1104
20250610,600970.SH,8.0169,1.108
20250611,600970.SH,8.0958,1.1189
20250612,600970.SH,7.666,1.1206
20250613,600970.SH,7.6221,1.1142
20250616,600970.SH,7.6309,1.1155
20250617,600970.SH,7.6309,1.1155
20250618,600970.SH,7.552,1.104
20250619,600970.SH,7.2713,1.0629
20250620,600970.SH,7.3502,1.0745
20250623,600970.SH,7.3239,1.0706
20250624,600970.SH,7.5432,1.1027
20250625,600970.SH,7.5783,1.1078
20250626,600970.SH,7.4994,1.0963
20250627,600970.SH,7.5783,1.1078
20250630,600970.SH,7.5257,1.1001
20250701,600970.SH,7.5871,1.1091
20250702,600970.SH,7.6221,1.1142
20250703,600970.SH,7.6046,1.1117
20250704,600970.SH,7.5871,1.1091
20250707,600970.SH,7.6221,1.1142
20250708,600970.SH,7.7186,1.1283
20250709,600970.SH,7.7625,1.1347
20250710,600970.SH,7.8502,1.1476
20250711,600970.SH,7.9379,1.1604
20250714,600970.SH,8.0344,1.1745
20250715,600970.SH,7.9993,1.1694
20250716,600970.SH,7.9818,1.1668
20250717,600970.SH,7.8941,1.154
20250718,600970.SH,7.9555,1.1629
20250721,600970.SH,8.2712,1.2091
20250722,600970.SH,8.6571,1.2655
20250723,600970.SH,8.2975,1.2129
20250724,600970.SH,8.2888,1.2117
20250725,600970.SH,8.166,1.1937
20250728,600970.SH,8.1046,1.1847
20250729,600970.SH,8.1046,1.1847
20250730,600970.SH,8.1747,1.195
20250731,600970.SH,7.9642,1.1642
20250801,600970.SH,7.9555,1.1629
20250804,600970.SH,7.9555,1.1629
20250805,600970.SH,8.0169,1.1719
20250806,600970.SH,7.9993,1.1694
20250807,600970.SH,7.9642,1.1642
20250808,600970.SH,8.0519,1.177
20250811,600970.SH,8.0958,1.1835
20250812,600970.SH,8.0782,1.1809
20250813,600970.SH,8.0782,1.1809
20250814,600970.SH,7.9555,1.1629
20250815,600970.SH,8.0695,1.1796
20250818,600970.SH,8.0519,1.177
20250819,600970.SH,7.9818,1.1668
20250820,600970.SH,8.0169,1.1719
20250821,600970.SH,8.0169,1.1719
20250822,600970.SH,8.0695,1.1796
20250825,600970.SH,8.1309,1.1886
20250826,600970.SH,8.1923,1.1976
20250827,600970.SH,8.0212,1.1192
20250828,600970.SH,8.0827,1.1278
20250829,600970.SH,8.1003,1.1302
20250901,600970.SH,8.03,1.1204
20250902,600970.SH,7.9509,1.1094
20250903,600970.SH,7.8279,1.0922
20250904,600970.SH,7.7576,1.0824
20250905,600970.SH,7.8279,1.0922
20250908,600970.SH,7.9334,1.1069
20250909,600970.SH,7.9509,1.1094
20250910,600970.SH,7.907,1.1033
20250911,600970.SH,7.9509,1.1094
20250912,600970.SH,7.8894,1.1008
20250915,600970.SH,7.7313,1.0787
20250916,600970.SH,7.7576,1.0824
20250917,600970.SH,7.8191,1.091
20250918,600970.SH,7.6874,1.0726
20250919,600970.SH,7.7576,1.0824
20250922,600970.SH,7.5819,1.0579
20250923,600970.SH,7.6259,1.064
20250924,600970.SH,7.6346,1.0653
20250925,600970.SH,7.5995,1.0604
20250926,600970.SH,7.6346,1.0653
20250929,600970.SH,7.6782,1.0755
20250930,600970.SH,7.7916,1.0914
20251009,600970.SH,7.8614,1.1012
20251010,600970.SH,7.9574,1.1146
20251013,600970.SH,8.0708,1.1305
20251014,600970.SH,8.1406,1.1403
20251015,600970.SH,8.1406,1.1403
20251016,600970.SH,8.2191,1.1513
20251017,600970.SH,8.1842,1.1464
20251020,600970.SH,8.2628,1.1574
20251021,600970.SH,8.3238,1.1659
20251022,600970.SH,8.3151,1.1647
20251023,600970.SH,8.35,1.1696
20251024,600970.SH,8.3368,1.1276
20251027,600970.SH,8.5643,1.1584
20251028,600970.SH,8.4243,1.1395
20251029,600970.SH,8.4418,1.1418
20251030,600970.SH,8.3981,1.1359
20251031,600970.SH,8.3281,1.1265
20251103,600970.SH,8.2931,1.1217
20251104,600970.SH,8.1881,1.1075
20251105,600970.SH,8.1531,1.1028
20251106,600970.SH,8.3106,1.1241
20251107,600970.SH,8.3981,1.1359
20251110,600970.SH,8.468,1.1454
20251111,600970.SH,8.4068,1.1371
20251112,600970.SH,8.3631,1.1312
20251113,600970.SH,8.3368,1.1276
20251114,600970.SH,8.2756,1.1194
20251117,600970.SH,8.1444,1.1016
20251118,600970.SH,7.9956,1.0815
20251119,600970.SH,7.9432,1.0744
20251120,600970.SH,8.1356,1.1004
20251121,600970.SH,8.0131,1.0839
20251124,600970.SH,8.2931,1.1217
20251125,600970.SH,8.2756,1.1194
20251126,600970.SH,8.3193,1.1253
20251127,600970.SH,8.1444,1.1016
20251128,600970.SH,8.1444,1.1016
20251201,600970.SH,8.3543,1.13
20251202,600970.SH,8.468,1.1454
20251203,600970.SH,8.538,1.1549
20251204,600970.SH,8.5118,1.1513
20251205,600970.SH,8.5818,1.1608
20251208,600970.SH,8.3718,1.1324
20251209,600970.SH,8.1269,1.0992
20251210,600970.SH,8.1706,1.1052
20251211,600970.SH,8.1269,1.0992
20251212,600970.SH,8.1181,1.0981
20251215,600970.SH,8.2756,1.1194
20251216,600970.SH,8.1969,1.1087
20251217,600970.SH,8.573,1.1596
20251218,600970.SH,8.9142,1.2057
20251219,600970.SH,8.9929,1.2164
20251222,600970.SH,9.0104,1.2188
20251223,600970.SH,8.9754,1.214
20251224,600970.SH,9.1941,1.2436
20251225,600970.SH,9.0104,1.2188
20251226,600970.SH,8.9492,1.2105
20251229,600970.SH,9.0629,1.2259
20251230,600970.SH,9.0367,1.2223
20251231,600970.SH,9.0891,1.2294
20260105,600970.SH,8.9842,1.2152
20260106,600970.SH,9.0542,1.2247
20260107,600970.SH,8.9754,1.214
20260108,600970.SH,8.9579,1.2117
20260109,600970.SH,9.0804,1.2282
20260112,600970.SH,9.0979,1.2306
20260113,600970.SH,9.1854,1.2424
20260114,600970.SH,9.2291,1.2483
20260115,600970.SH,9.3253,1.2614
20260116,600970.SH,9.2291,1.2483
20260119,600970.SH,9.2816,1.2554
20260120,600970.SH,9.5703,1.2945
20260121,600970.SH,9.4391,1.2767
20260122,600970.SH,9.5528,1.2921
20260123,600970.SH,9.4216,1.2744
20260126,600970.SH,9.5003,1.285
20260127,600970.SH,9.5703,1.2945
20260128,600970.SH,9.7102,1.3134
20260129,600970.SH,9.859,1.3335
20260130,600970.SH,9.9902,1.3513
20260202,600970.SH,9.2729,1.2543
20260203,600970.SH,9.4916,1.2838
20260204,600970.SH,9.6228,1.3016
20260205,600970.SH,9.579,1.2957
20260206,600970.SH,9.3691,1.2673
20260209,600970.SH,9.4741,1.2815
20260210,600970.SH,9.3603,1.2661
20260211,600970.SH,9.3866,1.2696
20260212,600970.SH,9.4478,1.2779
20260213,600970.SH,9.2816,1.2554
20260224,600970.SH,9.5353,1.2898
20260225,600970.SH,9.579,1.2957
20260226,600970.SH,9.7102,1.3134
20260227,600970.SH,9.6928,1.3111
20260302,600970.SH,9.754,1.3193
20260303,600970.SH,9.5265,1.2886
20260304,600970.SH,9.4741,1.2815
20260305,600970.SH,9.5178,1.2874
20260306,600970.SH,9.684,1.3099
20260309,600970.SH,9.5528,1.2921
20260310,600970.SH,9.6753,1.3087
20260311,600970.SH,9.9552,1.3466
20260312,600970.SH,9.9727,1.3489
20260313,600970.SH,9.9289,1.343
20260316,600970.SH,9.5178,1.2874
20260317,600970.SH,9.3078,1.259
20260318,600970.SH,9.1154,1.233
20260319,600970.SH,8.9229,1.2069
20260320,600970.SH,8.8967,1.2034
20260323,600970.SH,8.5205,1.1525
20260324,600970.SH,8.9229,1.2069
20260325,600970.SH,9.0017,1.2176
20260326,600970.SH,9.371,1.1684
20260327,600970.SH,9.1787,1.1444
20260330,600970.SH,9.481,1.1821
20260331,600970.SH,9.4626,1.1798
20260401,600970.SH,9.5084,1.1855
20260402,600970.SH,9.6367,1.2015
20260403,600970.SH,9.5726,1.1935
20260407,600970.SH,9.7191,1.2118
20260408,600970.SH,10.2871,1.2826
20260409,600970.SH,10.1222,1.262
20260410,600970.SH,9.9023,1.2346
20260413,600970.SH,9.3161,1.1615
20260414,600970.SH,9.5451,1.1901
20260415,600970.SH,9.6825,1.2072
20260416,600970.SH,9.6825,1.2072
20260417,600970.SH,9.6733,1.2061
20260420,600970.SH,9.6,1.1969
20260421,600970.SH,9.5817,1.1947
20260422,600970.SH,9.3619,1.1673
20260423,600970.SH,9.2794,1.157
20260424,600970.SH,9.2703,1.1558
20260427,600970.SH,9.1237,1.1376
20260428,600970.SH,9.142,1.1398
20260429,600970.SH,9.3857,1.0646
20260430,600970.SH,9.2177,1.0455
20260506,600970.SH,9.2375,1.0478
20260507,600970.SH,9.4548,1.0724
20260508,600970.SH,9.1486,1.0377
20260511,600970.SH,9.1387,1.0366
20260512,600970.SH,9.0596,1.0276
20260513,600970.SH,9.0102,1.022
20260514,600970.SH,8.8028,0.9985
20260515,600970.SH,8.6743,0.9839
20260518,600970.SH,8.5261,0.9671
20260519,600970.SH,8.5854,0.9738
20260520,600970.SH,8.5558,0.9705
